dataset,model,method,attack_type,malicious_ratio,non_iid_alpha,round,test_accuracy,test_loss,macro_f1,detected_malicious,false_positive,true_positive_rate,false_positive_rate,crypto_time_ms,aggregation_time_ms,communication_bytes,total_round_time_ms,seed,sketch_dim,public_validation_samples,protocol_online_bytes,protocol_offline_bytes,secure_multiplications
mnist,tiny_cnn,pp_srsf,sign_flip,0.2,0.5,1,0.179,2.2959977416992188,0.13290347679744155,2,0,1.0,0.0,8.66009999998596,11.058900000023186,4235920,472.8178000000014,2161,8,600,12240,17280,360
mnist,tiny_cnn,pp_srsf,sign_flip,0.2,0.5,2,0.179,2.28013330078125,0.11672383550141582,2,0,1.0,0.0,10.06429999998204,11.572900000004438,4235920,466.55020000000036,2161,8,600,12240,17280,360
mnist,tiny_cnn,pp_srsf,sign_flip,0.2,0.5,3,0.273,2.2522407836914065,0.21207376923585328,2,0,1.0,0.0,9.958100000005743,11.134599999991224,4235920,495.2643999999964,2161,8,600,12240,17280,360
mnist,tiny_cnn,pp_srsf,sign_flip,0.2,0.5,4,0.267,2.201450225830078,0.18150776706020175,2,0,1.0,0.0,8.804499999996551,11.948799999998982,4235920,486.71540000000846,2161,8,600,12240,17280,360
mnist,tiny_cnn,pp_srsf,sign_flip,0.2,0.5,5,0.4,2.1273316345214845,0.32343330371729584,2,0,1.0,0.0,8.388999999993985,12.248300000010204,4235920,499.14879999997197,2161,8,600,12240,17280,360
mnist,tiny_cnn,pp_srsf,sign_flip,0.2,0.5,6,0.339,1.9962161254882813,0.2658085332996308,2,0,1.0,0.0,9.679400000010219,9.735799999987194,4235920,466.292100000004,2161,8,600,12240,17280,360
mnist,tiny_cnn,pp_srsf,sign_flip,0.2,0.5,7,0.125,2.0686165771484375,0.05016633992752332,2,0,1.0,0.0,8.080899999981739,12.606400000009899,4235920,465.23559999999975,2161,8,600,12240,17280,360
mnist,tiny_cnn,pp_srsf,sign_flip,0.2,0.5,8,0.443,1.659684356689453,0.3951962069909237,2,0,1.0,0.0,10.931299999981547,10.797199999984741,4235920,465.9921999999881,2161,8,600,12240,17280,360
mnist,tiny_cnn,pp_srsf,sign_flip,0.2,0.5,9,0.53,1.4641964111328125,0.4628211972304741,2,0,1.0,0.0,10.020300000007865,10.310599999996839,4235920,471.249499999999,2161,8,600,12240,17280,360
mnist,tiny_cnn,pp_srsf,sign_flip,0.2,0.5,10,0.55,1.387147247314453,0.5013774473335408,2,0,1.0,0.0,8.916500000026417,10.261399999990317,4235920,464.05980000000113,2161,8,600,12240,17280,360
mnist,tiny_cnn,pp_srsf,sign_flip,0.2,0.5,11,0.61,1.2150735778808595,0.5960506257040198,2,0,1.0,0.0,10.033899999996265,11.545399999988604,4235920,466.5042999999969,2161,8,600,12240,17280,360
mnist,tiny_cnn,pp_srsf,sign_flip,0.2,0.5,12,0.542,1.2218452758789062,0.5374137692965709,2,0,1.0,0.0,8.848000000000411,10.622899999987112,4235920,461.1823999999842,2161,8,600,12240,17280,360
mnist,tiny_cnn,pp_srsf,sign_flip,0.2,0.5,13,0.708,0.9673406677246094,0.6789098731511511,2,0,1.0,0.0,9.428999999983034,9.512699999987717,4235920,469.19989999997824,2161,8,600,12240,17280,360
mnist,tiny_cnn,pp_srsf,sign_flip,0.2,0.5,14,0.712,0.9038736114501953,0.678117766759851,2,0,1.0,0.0,10.127600000004122,11.859599999979764,4235920,475.4675000000077,2161,8,600,12240,17280,360
mnist,tiny_cnn,pp_srsf,sign_flip,0.2,0.5,15,0.766,0.8231347351074219,0.754013752943767,2,0,1.0,0.0,8.994200000017827,9.624800000011646,4235920,458.1316000000015,2161,8,600,12240,17280,360
mnist,tiny_cnn,pp_srsf_trust,sign_flip,0.2,0.5,1,0.101,2.306613098144531,0.03483257544439851,1,1,0.5,0.125,9.593200000011848,10.13489999999706,4235920,807.4590999999884,2161,8,600,12240,17280,360
mnist,tiny_cnn,pp_srsf_trust,sign_flip,0.2,0.5,2,0.084,2.296772705078125,0.028396200393062787,2,0,1.0,0.0,9.027599999996028,10.090899999994463,4235920,814.6301000000165,2161,8,600,12240,17280,360
mnist,tiny_cnn,pp_srsf_trust,sign_flip,0.2,0.5,3,0.161,2.3156964721679687,0.10960006162572433,1,1,0.5,0.125,11.149700000004259,11.938700000001745,4235920,793.0595999999923,2161,8,600,12240,17280,360
mnist,tiny_cnn,pp_srsf_trust,sign_flip,0.2,0.5,4,0.132,2.314317138671875,0.07380389508049082,2,0,1.0,0.0,11.874900000009347,13.162399999998797,4235920,817.7314000000138,2161,8,600,12240,17280,360
mnist,tiny_cnn,pp_srsf_trust,sign_flip,0.2,0.5,5,0.217,2.303826416015625,0.1400454790911526,2,0,1.0,0.0,10.569300000014437,11.655999999987898,4235920,831.8994999999916,2161,8,600,12240,17280,360
mnist,tiny_cnn,pp_srsf_trust,sign_flip,0.2,0.5,6,0.301,2.27499560546875,0.20917799897300432,2,0,1.0,0.0,9.551899999991065,9.765800000025138,4235920,796.2845000000129,2161,8,600,12240,17280,360
mnist,tiny_cnn,pp_srsf_trust,sign_flip,0.2,0.5,7,0.368,2.2161370544433594,0.24992087822485876,2,0,1.0,0.0,10.828199999991739,9.449399999994057,4235920,808.6437999999987,2161,8,600,12240,17280,360
mnist,tiny_cnn,pp_srsf_trust,sign_flip,0.2,0.5,8,0.333,2.1148882751464844,0.25967107164426034,2,0,1.0,0.0,9.661100000016631,9.996400000005679,4235920,804.9859999999853,2161,8,600,12240,17280,360
mnist,tiny_cnn,pp_srsf_trust,sign_flip,0.2,0.5,9,0.241,2.355017883300781,0.14847099944517073,1,1,0.5,0.125,11.41190000001302,11.165799999986348,4235920,804.1075999999805,2161,8,600,12240,17280,360
mnist,tiny_cnn,pp_srsf_trust,sign_flip,0.2,0.5,10,0.326,2.0752457885742186,0.29772360055859876,2,0,1.0,0.0,10.612000000008948,10.536800000011226,4235920,842.6836999999807,2161,8,600,12240,17280,360
mnist,tiny_cnn,pp_srsf_trust,sign_flip,0.2,0.5,11,0.485,1.834657470703125,0.3998289871958566,2,0,1.0,0.0,10.78160000000139,12.151499999987436,4235920,799.9188999999944,2161,8,600,12240,17280,360
mnist,tiny_cnn,pp_srsf_trust,sign_flip,0.2,0.5,12,0.499,1.6193489990234375,0.43261439949399333,2,0,1.0,0.0,9.739300000006779,11.565399999994952,4235920,833.6199000000022,2161,8,600,12240,17280,360
mnist,tiny_cnn,pp_srsf_trust,sign_flip,0.2,0.5,13,0.519,1.4866816101074218,0.4453400701638198,2,0,1.0,0.0,10.605499999996937,11.192899999997508,4235920,812.2568999999942,2161,8,600,12240,17280,360
mnist,tiny_cnn,pp_srsf_trust,sign_flip,0.2,0.5,14,0.41,1.7632315063476562,0.361898269693783,1,1,0.5,0.125,11.13589999999931,10.555500000009488,4235920,806.2156999999956,2161,8,600,12240,17280,360
mnist,tiny_cnn,pp_srsf_trust,sign_flip,0.2,0.5,15,0.471,1.5431483154296874,0.4162563388214253,2,0,1.0,0.0,9.351299999991625,12.723199999982171,4235920,816.9997999999907,2161,8,600,12240,17280,360
mnist,tiny_cnn,pp_srsf,sign_flip,0.2,0.5,1,0.179,2.2959977416992188,0.13290347679744155,2,0,1.0,0.0,11.362099999985276,11.748300000022027,4237200,466.44949999998175,2161,16,600,23760,34560,720
mnist,tiny_cnn,pp_srsf,sign_flip,0.2,0.5,2,0.179,2.2801334228515624,0.11672383550141582,2,0,1.0,0.0,12.578800000000001,12.27420000000734,4237200,464.0328999999781,2161,16,600,23760,34560,720
mnist,tiny_cnn,pp_srsf,sign_flip,0.2,0.5,3,0.273,2.25224072265625,0.21207376923585328,2,0,1.0,0.0,12.371999999999161,9.399099999995997,4237200,459.6488999999906,2161,16,600,23760,34560,720
mnist,tiny_cnn,pp_srsf,sign_flip,0.2,0.5,4,0.267,2.2014502563476563,0.18150776706020175,2,0,1.0,0.0,12.932100000000446,12.085600000006025,4237200,466.3364000000172,2161,16,600,23760,34560,720
mnist,tiny_cnn,pp_srsf,sign_flip,0.2,0.5,5,0.4,2.1273314514160155,0.32343330371729584,2,0,1.0,0.0,12.67990000002328,10.165799999981573,4237200,467.48289999999315,2161,16,600,23760,34560,720
mnist,tiny_cnn,pp_srsf,sign_flip,0.2,0.5,6,0.339,1.9962158813476563,0.2658085332996308,2,0,1.0,0.0,13.808299999993778,9.528600000010101,4237200,465.94579999998587,2161,16,600,23760,34560,720
mnist,tiny_cnn,pp_srsf,sign_flip,0.2,0.5,7,0.125,2.0686167907714843,0.05016633992752332,2,0,1.0,0.0,12.484199999988732,9.419600000001083,4237200,470.7155000000114,2161,16,600,23760,34560,720
mnist,tiny_cnn,pp_srsf,sign_flip,0.2,0.5,8,0.443,1.6596844177246093,0.3951962069909237,2,0,1.0,0.0,13.397900000001073,12.277400000016314,4237200,478.5711000000106,2161,16,600,23760,34560,720
mnist,tiny_cnn,pp_srsf,sign_flip,0.2,0.5,9,0.53,1.4641968994140624,0.4628211972304741,2,0,1.0,0.0,12.421899999992547,10.390200000017558,4237200,461.54540000000566,2161,16,600,23760,34560,720
mnist,tiny_cnn,pp_srsf,sign_flip,0.2,0.5,10,0.55,1.387141357421875,0.5013774473335408,2,0,1.0,0.0,12.790200000011964,11.904600000008259,4237200,460.28630000000703,2161,16,600,23760,34560,720
mnist,tiny_cnn,pp_srsf,sign_flip,0.2,0.5,11,0.61,1.2150543823242188,0.5960506257040198,2,0,1.0,0.0,12.294000000025562,12.303699999989703,4237200,461.85330000000135,2161,16,600,23760,34560,720
mnist,tiny_cnn,pp_srsf,sign_flip,0.2,0.5,12,0.545,1.2228517150878906,0.5407412765415505,2,0,1.0,0.0,12.654699999984587,10.296600000003764,4237200,463.2086999999956,2161,16,600,23760,34560,720
mnist,tiny_cnn,pp_srsf,sign_flip,0.2,0.5,13,0.709,0.9669220428466797,0.6806663488629584,2,0,1.0,0.0,12.941200000000208,11.151800000021694,4237200,464.7506999999962,2161,16,600,23760,34560,720
mnist,tiny_cnn,pp_srsf,sign_flip,0.2,0.5,14,0.71,0.9030137634277344,0.6746799637281208,2,0,1.0,0.0,12.45249999999487,9.634399999981724,4237200,462.4684000000059,2161,16,600,23760,34560,720
mnist,tiny_cnn,pp_srsf,sign_flip,0.2,0.5,15,0.768,0.82295361328125,0.7565891070772578,2,0,1.0,0.0,11.542600000012726,11.95469999998977,4237200,465.4853999999773,2161,16,600,23760,34560,720
mnist,tiny_cnn,pp_srsf_trust,sign_flip,0.2,0.5,1,0.101,2.306613098144531,0.03483257544439851,1,1,0.5,0.125,13.601899999997613,12.213699999989558,4237200,794.4335999999907,2161,16,600,23760,34560,720
mnist,tiny_cnn,pp_srsf_trust,sign_flip,0.2,0.5,2,0.084,2.296772705078125,0.028396200393062787,2,0,1.0,0.0,14.0626000000168,12.032599999997728,4237200,814.9667000000136,2161,16,600,23760,34560,720
mnist,tiny_cnn,pp_srsf_trust,sign_flip,0.2,0.5,3,0.161,2.3156964721679687,0.10960006162572433,1,1,0.5,0.125,12.230500000015354,10.171200000002045,4237200,817.6593999999966,2161,16,600,23760,34560,720
mnist,tiny_cnn,pp_srsf_trust,sign_flip,0.2,0.5,4,0.132,2.314317138671875,0.07380389508049082,2,0,1.0,0.0,14.121700000004012,12.210600000003069,4237200,812.6048999999966,2161,16,600,23760,34560,720
mnist,tiny_cnn,pp_srsf_trust,sign_flip,0.2,0.5,5,0.217,2.303826416015625,0.1400454790911526,2,0,1.0,0.0,11.355199999997012,10.581699999988814,4237200,814.7566000000097,2161,16,600,23760,34560,720
mnist,tiny_cnn,pp_srsf_trust,sign_flip,0.2,0.5,6,0.301,2.274995544433594,0.20917799897300432,2,0,1.0,0.0,14.293600000002016,11.89959999999246,4237200,814.6236000000044,2161,16,600,23760,34560,720
mnist,tiny_cnn,pp_srsf_trust,sign_flip,0.2,0.5,7,0.368,2.216136932373047,0.24992087822485876,2,0,1.0,0.0,13.531900000003816,10.66829999999186,4237200,825.0168999999801,2161,16,600,23760,34560,720
mnist,tiny_cnn,pp_srsf_trust,sign_flip,0.2,0.5,8,0.333,2.114888092041016,0.25967107164426034,2,0,1.0,0.0,14.413399999995136,10.345800000010286,4237200,806.6540000000089,2161,16,600,23760,34560,720
mnist,tiny_cnn,pp_srsf_trust,sign_flip,0.2,0.5,9,0.241,2.3550180053710936,0.14847099944517073,1,1,0.5,0.125,13.719199999997045,11.363700000003973,4237200,796.7936000000009,2161,16,600,23760,34560,720
mnist,tiny_cnn,pp_srsf_trust,sign_flip,0.2,0.5,10,0.326,2.075246337890625,0.29772360055859876,2,0,1.0,0.0,12.996700000002193,9.01890000000094,4237200,804.1733999999963,2161,16,600,23760,34560,720
mnist,tiny_cnn,pp_srsf_trust,sign_flip,0.2,0.5,11,0.485,1.83465771484375,0.3998289871958566,2,0,1.0,0.0,14.192800000017769,12.479799999994157,4237200,812.3444000000006,2161,16,600,23760,34560,720
mnist,tiny_cnn,pp_srsf_trust,sign_flip,0.2,0.5,12,0.499,1.6193526000976564,0.43261439949399333,2,0,1.0,0.0,13.080199999990327,10.885900000005222,4237200,825.9513999999797,2161,16,600,23760,34560,720
mnist,tiny_cnn,pp_srsf_trust,sign_flip,0.2,0.5,13,0.519,1.486700408935547,0.4453400701638198,2,0,1.0,0.0,13.908499999985224,10.705400000006193,4237200,804.2238999999825,2161,16,600,23760,34560,720
mnist,tiny_cnn,pp_srsf_trust,sign_flip,0.2,0.5,14,0.41,1.7635535278320313,0.361898269693783,1,1,0.5,0.125,11.931099999998196,11.772900000011077,4237200,798.8458000000094,2161,16,600,23760,34560,720
mnist,tiny_cnn,pp_srsf_trust,sign_flip,0.2,0.5,15,0.471,1.5424935302734375,0.4162563388214253,2,0,1.0,0.0,13.211899999987509,11.182300000001533,4237200,815.1803000000086,2161,16,600,23760,34560,720
mnist,tiny_cnn,pp_srsf,sign_flip,0.2,0.5,1,0.179,2.2959977416992188,0.13290347679744155,2,0,1.0,0.0,22.162900000012087,11.971700000003693,4239760,479.90469999999164,2161,32,600,46800,69120,1440
mnist,tiny_cnn,pp_srsf,sign_flip,0.2,0.5,2,0.179,2.2801334228515624,0.11672383550141582,2,0,1.0,0.0,20.387800000008838,12.603400000017473,4239760,481.2201000000016,2161,32,600,46800,69120,1440
mnist,tiny_cnn,pp_srsf,sign_flip,0.2,0.5,3,0.273,2.2522407836914065,0.21207376923585328,2,0,1.0,0.0,21.15209999999479,12.029799999993429,4239760,485.72910000001457,2161,32,600,46800,69120,1440
mnist,tiny_cnn,pp_srsf,sign_flip,0.2,0.5,4,0.267,2.201451385498047,0.18150776706020175,2,0,1.0,0.0,18.987299999992047,11.678200000005745,4239760,477.6698999999951,2161,32,600,46800,69120,1440
mnist,tiny_cnn,pp_srsf,sign_flip,0.2,0.5,5,0.4,2.1273333435058595,0.32343330371729584,2,0,1.0,0.0,18.15500000000725,10.672599999992372,4239760,467.65640000000985,2161,32,600,46800,69120,1440
mnist,tiny_cnn,pp_srsf,sign_flip,0.2,0.5,6,0.339,1.9962204284667968,0.26615030392979505,2,0,1.0,0.0,19.251100000019505,10.222400000003518,4239760,472.5037000000043,2161,32,600,46800,69120,1440
mnist,tiny_cnn,pp_srsf,sign_flip,0.2,0.5,7,0.125,2.0685741577148438,0.05016633992752332,2,0,1.0,0.0,18.13749999999459,12.057999999996127,4239760,466.46499999999946,2161,32,600,46800,69120,1440
mnist,tiny_cnn,pp_srsf,sign_flip,0.2,0.5,8,0.443,1.6597940979003907,0.3951962069909237,2,0,1.0,0.0,19.546199999979308,9.951899999975922,4239760,472.82999999998765,2161,32,600,46800,69120,1440
mnist,tiny_cnn,pp_srsf,sign_flip,0.2,0.5,9,0.53,1.4643018493652344,0.4631054596763791,2,0,1.0,0.0,18.879800000007663,11.97980000000598,4239760,464.416099999994,2161,32,600,46800,69120,1440
mnist,tiny_cnn,pp_srsf,sign_flip,0.2,0.5,10,0.55,1.38584619140625,0.5013491992719882,2,0,1.0,0.0,22.022800000002007,12.575199999986353,4239760,480.84039999997685,2161,32,600,46800,69120,1440
mnist,tiny_cnn,pp_srsf,sign_flip,0.2,0.5,11,0.612,1.21340478515625,0.5976467472569931,2,0,1.0,0.0,20.04460000000563,12.38040000001206,4239760,475.7953000000157,2161,32,600,46800,69120,1440
mnist,tiny_cnn,pp_srsf,sign_flip,0.2,0.5,12,0.547,1.220201904296875,0.5422346968440248,2,0,1.0,0.0,19.368299999996452,12.79549999998153,4239760,478.2531999999833,2161,32,600,46800,69120,1440
mnist,tiny_cnn,pp_srsf,sign_flip,0.2,0.5,13,0.708,0.9665081481933594,0.6791040000562008,2,0,1.0,0.0,19.879199999991215,9.421400000007907,4239760,464.7719999999822,2161,32,600,46800,69120,1440
mnist,tiny_cnn,pp_srsf,sign_flip,0.2,0.5,14,0.713,0.9042640075683593,0.6795461383949469,2,0,1.0,0.0,17.249899999995932,10.00239999999053,4239760,469.68659999998863,2161,32,600,46800,69120,1440
mnist,tiny_cnn,pp_srsf,sign_flip,0.2,0.5,15,0.768,0.8228429565429688,0.7566542609562595,2,0,1.0,0.0,18.99249999999597,12.032500000003665,4239760,477.41640000000984,2161,32,600,46800,69120,1440
mnist,tiny_cnn,pp_srsf_trust,sign_flip,0.2,0.5,1,0.101,2.306613098144531,0.03483257544439851,1,1,0.5,0.125,17.37869999999475,11.55009999999379,4239760,813.4413999999879,2161,32,600,46800,69120,1440
mnist,tiny_cnn,pp_srsf_trust,sign_flip,0.2,0.5,2,0.084,2.296772705078125,0.028396200393062787,2,0,1.0,0.0,19.159900000005337,10.180300000001807,4239760,808.5217,2161,32,600,46800,69120,1440
mnist,tiny_cnn,pp_srsf_trust,sign_flip,0.2,0.5,3,0.161,2.3156964721679687,0.10960006162572433,1,1,0.5,0.125,20.594200000005003,11.041900000009264,4239760,832.3183999999912,2161,32,600,46800,69120,1440
mnist,tiny_cnn,pp_srsf_trust,sign_flip,0.2,0.5,4,0.132,2.314317077636719,0.07380389508049082,2,0,1.0,0.0,22.200200000014547,11.11159999999245,4239760,804.6741999999938,2161,32,600,46800,69120,1440
mnist,tiny_cnn,pp_srsf_trust,sign_flip,0.2,0.5,5,0.217,2.303826354980469,0.1400454790911526,2,0,1.0,0.0,19.294699999989007,10.758899999984806,4239760,819.9420999999916,2161,32,600,46800,69120,1440
mnist,tiny_cnn,pp_srsf_trust,sign_flip,0.2,0.5,6,0.301,2.27499560546875,0.20917799897300432,2,0,1.0,0.0,19.69370000000481,10.184699999996383,4239760,816.1283000000026,2161,32,600,46800,69120,1440
mnist,tiny_cnn,pp_srsf_trust,sign_flip,0.2,0.5,7,0.368,2.2161370849609376,0.24992087822485876,2,0,1.0,0.0,21.545599999996057,11.058800000000701,4239760,813.4313999999847,2161,32,600,46800,69120,1440
mnist,tiny_cnn,pp_srsf_trust,sign_flip,0.2,0.5,8,0.333,2.1148882141113283,0.25967107164426034,2,0,1.0,0.0,22.031400000003032,13.103099999995038,4239760,813.3794999999964,2161,32,600,46800,69120,1440
mnist,tiny_cnn,pp_srsf_trust,sign_flip,0.2,0.5,9,0.241,2.355017639160156,0.14847099944517073,1,1,0.5,0.125,21.673400000025822,9.997199999986606,4239760,827.3531000000105,2161,32,600,46800,69120,1440
mnist,tiny_cnn,pp_srsf_trust,sign_flip,0.2,0.5,10,0.326,2.075246154785156,0.29772360055859876,2,0,1.0,0.0,20.371899999986454,10.303899999996702,4239760,810.0677000000189,2161,32,600,46800,69120,1440
mnist,tiny_cnn,pp_srsf_trust,sign_flip,0.2,0.5,11,0.485,1.8346584167480469,0.3998289871958566,2,0,1.0,0.0,20.03840000000423,12.254299999995055,4239760,819.4905000000006,2161,32,600,46800,69120,1440
mnist,tiny_cnn,pp_srsf_trust,sign_flip,0.2,0.5,12,0.499,1.619353302001953,0.43261439949399333,2,0,1.0,0.0,20.6314000000134,9.480499999995118,4239760,817.2050999999954,2161,32,600,46800,69120,1440
mnist,tiny_cnn,pp_srsf_trust,sign_flip,0.2,0.5,13,0.519,1.4866972961425782,0.4453400701638198,2,0,1.0,0.0,20.48929999997995,9.863300000006348,4239760,944.1143999999895,2161,32,600,46800,69120,1440
mnist,tiny_cnn,pp_srsf_trust,sign_flip,0.2,0.5,14,0.41,1.7632107543945312,0.361898269693783,1,1,0.5,0.125,22.76030000001583,10.253500000004578,4239760,879.0807000000029,2161,32,600,46800,69120,1440
mnist,tiny_cnn,pp_srsf_trust,sign_flip,0.2,0.5,15,0.417,1.87291015625,0.328510383366563,1,1,0.5,0.125,22.418800000025385,10.900200000008908,4239760,940.4227999999932,2161,32,600,46800,69120,1440
mnist,tiny_cnn,pp_srsf,sign_flip,0.2,0.5,1,0.179,2.2959977416992188,0.13290347679744155,2,0,1.0,0.0,33.540600000009135,13.134800000017322,4244880,521.5370999999891,2161,64,600,92880,138240,2880
mnist,tiny_cnn,pp_srsf,sign_flip,0.2,0.5,2,0.179,2.2801333618164064,0.11672383550141582,2,0,1.0,0.0,32.22070000001054,13.411800000000085,4244880,525.1035999999942,2161,64,600,92880,138240,2880
mnist,tiny_cnn,pp_srsf,sign_flip,0.2,0.5,3,0.273,2.2522408447265625,0.21207376923585328,2,0,1.0,0.0,33.31950000000461,12.075700000025336,4244880,501.607899999982,2161,64,600,92880,138240,2880
mnist,tiny_cnn,pp_srsf,sign_flip,0.2,0.5,4,0.267,2.2014502563476563,0.18150776706020175,2,0,1.0,0.0,35.15690000000404,12.879799999979014,4244880,517.9009000000008,2161,64,600,92880,138240,2880
mnist,tiny_cnn,pp_srsf,sign_flip,0.2,0.5,5,0.4,2.1273316955566406,0.32343330371729584,2,0,1.0,0.0,32.88000000000579,12.628599999999324,4244880,492.6101000000074,2161,64,600,92880,138240,2880
mnist,tiny_cnn,pp_srsf,sign_flip,0.2,0.5,6,0.339,1.9962158203125,0.2658085332996308,2,0,1.0,0.0,35.042299999986426,12.163999999984298,4244880,527.9754000000025,2161,64,600,92880,138240,2880
mnist,tiny_cnn,pp_srsf,sign_flip,0.2,0.5,7,0.125,2.068616760253906,0.05016633992752332,2,0,1.0,0.0,31.758899999999812,12.1317999999917,4244880,496.84799999999996,2161,64,600,92880,138240,2880
mnist,tiny_cnn,pp_srsf,sign_flip,0.2,0.5,8,0.443,1.659684326171875,0.3951962069909237,2,0,1.0,0.0,36.43270000000598,12.811800000008589,4244880,584.6334000000013,2161,64,600,92880,138240,2880
mnist,tiny_cnn,pp_srsf,sign_flip,0.2,0.5,9,0.53,1.464197235107422,0.4628211972304741,2,0,1.0,0.0,30.983700000007275,12.348299999985102,4244880,500.22040000001766,2161,64,600,92880,138240,2880
mnist,tiny_cnn,pp_srsf,sign_flip,0.2,0.5,10,0.55,1.3871495666503906,0.5013774473335408,2,0,1.0,0.0,32.49170000000845,10.99039999999718,4244880,518.736199999978,2161,64,600,92880,138240,2880
mnist,tiny_cnn,pp_srsf,sign_flip,0.2,0.5,11,0.61,1.2150763549804688,0.5960506257040198,2,0,1.0,0.0,32.06050000000005,12.129899999990812,4244880,498.8168000000144,2161,64,600,92880,138240,2880
mnist,tiny_cnn,pp_srsf,sign_flip,0.2,0.5,12,0.544,1.2218760375976563,0.5392819339006133,2,0,1.0,0.0,37.846900000005235,11.645600000008471,4244880,524.3912999999907,2161,64,600,92880,138240,2880
mnist,tiny_cnn,pp_srsf,sign_flip,0.2,0.5,13,0.708,0.9672611999511719,0.6789098731511511,2,0,1.0,0.0,33.83510000000456,12.321299999996427,4244880,570.258100000018,2161,64,600,92880,138240,2880
mnist,tiny_cnn,pp_srsf,sign_flip,0.2,0.5,14,0.712,0.904015884399414,0.678117766759851,2,0,1.0,0.0,34.53490000001125,12.045199999988654,4244880,558.1774999999993,2161,64,600,92880,138240,2880
mnist,tiny_cnn,pp_srsf,sign_flip,0.2,0.5,15,0.769,0.8226217651367187,0.7578353105409577,2,0,1.0,0.0,35.384399999998095,12.282999999996491,4244880,522.8816000000052,2161,64,600,92880,138240,2880
mnist,tiny_cnn,pp_srsf_trust,sign_flip,0.2,0.5,1,0.101,2.306613098144531,0.03483257544439851,1,1,0.5,0.125,34.278500000027634,9.355199999987462,4244880,869.9215000000038,2161,64,600,92880,138240,2880
mnist,tiny_cnn,pp_srsf_trust,sign_flip,0.2,0.5,2,0.084,2.296772705078125,0.028396200393062787,2,0,1.0,0.0,32.69230000000789,10.958000000016455,4244880,854.0108999999916,2161,64,600,92880,138240,2880
mnist,tiny_cnn,pp_srsf_trust,sign_flip,0.2,0.5,3,0.161,2.3156964721679687,0.10960006162572433,1,1,0.5,0.125,34.7246000000041,11.516900000003716,4244880,882.0175000000177,2161,64,600,92880,138240,2880
mnist,tiny_cnn,pp_srsf_trust,sign_flip,0.2,0.5,4,0.132,2.3143169555664063,0.07380389508049082,2,0,1.0,0.0,33.129800000011755,10.536199999990004,4244880,853.7654000000146,2161,64,600,92880,138240,2880
mnist,tiny_cnn,pp_srsf_trust,sign_flip,0.2,0.5,5,0.217,2.303826354980469,0.1400454790911526,2,0,1.0,0.0,32.410700000014,11.761799999987943,4244880,872.0784999999864,2161,64,600,92880,138240,2880
mnist,tiny_cnn,pp_srsf_trust,sign_flip,0.2,0.5,6,0.301,2.27499560546875,0.20917799897300432,2,0,1.0,0.0,31.938999999994167,10.363800000021683,4244880,817.7838999999949,2161,64,600,92880,138240,2880
mnist,tiny_cnn,pp_srsf_trust,sign_flip,0.2,0.5,7,0.368,2.2161369018554686,0.24992087822485876,2,0,1.0,0.0,34.23219999999105,11.482099999994944,4244880,844.6901000000082,2161,64,600,92880,138240,2880
mnist,tiny_cnn,pp_srsf_trust,sign_flip,0.2,0.5,8,0.333,2.114888092041016,0.25967107164426034,2,0,1.0,0.0,33.96330000001058,9.5602000000099,4244880,837.4846000000105,2161,64,600,92880,138240,2880
mnist,tiny_cnn,pp_srsf_trust,sign_flip,0.2,0.5,9,0.241,2.355017517089844,0.14847099944517073,1,1,0.5,0.125,31.47099999998204,10.42870000000562,4244880,831.6395999999884,2161,64,600,92880,138240,2880
mnist,tiny_cnn,pp_srsf_trust,sign_flip,0.2,0.5,10,0.326,2.0752462463378905,0.29772360055859876,2,0,1.0,0.0,32.74030000000039,9.501499999998941,4244880,833.382400000005,2161,64,600,92880,138240,2880
mnist,tiny_cnn,pp_srsf_trust,sign_flip,0.2,0.5,11,0.485,1.8346580810546875,0.3998289871958566,2,0,1.0,0.0,34.23909999997932,10.601199999996425,4244880,844.0453999999988,2161,64,600,92880,138240,2880
mnist,tiny_cnn,pp_srsf_trust,sign_flip,0.2,0.5,12,0.499,1.6193529357910157,0.43261439949399333,2,0,1.0,0.0,32.358200000004445,11.72470000000203,4244880,835.5947000000015,2161,64,600,92880,138240,2880
mnist,tiny_cnn,pp_srsf_trust,sign_flip,0.2,0.5,13,0.519,1.4866973266601562,0.4453400701638198,2,0,1.0,0.0,32.87510000001248,12.501200000002655,4244880,840.0388999999961,2161,64,600,92880,138240,2880
mnist,tiny_cnn,pp_srsf_trust,sign_flip,0.2,0.5,14,0.41,1.7632103576660156,0.361898269693783,1,1,0.5,0.125,33.10060000001158,11.654300000003559,4244880,824.2237000000046,2161,64,600,92880,138240,2880
mnist,tiny_cnn,pp_srsf_trust,sign_flip,0.2,0.5,15,0.471,1.54305712890625,0.4162563388214253,2,0,1.0,0.0,32.06700000001206,12.296499999990829,4244880,851.1766000000023,2161,64,600,92880,138240,2880
mnist,tiny_cnn,pp_srsf,sign_flip,0.2,0.5,1,0.179,2.2959977416992188,0.13290347679744155,2,0,1.0,0.0,59.853699999990795,9.593099999989363,4255120,507.4009000000217,2161,128,600,185040,276480,5760
mnist,tiny_cnn,pp_srsf,sign_flip,0.2,0.5,2,0.179,2.2801334228515624,0.11672383550141582,2,0,1.0,0.0,60.99320000001285,10.691600000001245,4255120,551.2846000000025,2161,128,600,185040,276480,5760
mnist,tiny_cnn,pp_srsf,sign_flip,0.2,0.5,3,0.273,2.2522407836914065,0.21207376923585328,2,0,1.0,0.0,63.28719999999066,11.03020000002175,4255120,559.0477000000078,2161,128,600,185040,276480,5760
mnist,tiny_cnn,pp_srsf,sign_flip,0.2,0.5,4,0.267,2.201450225830078,0.18150776706020175,2,0,1.0,0.0,61.7061000000092,12.41859999998951,4255120,586.871699999989,2161,128,600,185040,276480,5760
mnist,tiny_cnn,pp_srsf,sign_flip,0.2,0.5,5,0.4,2.127331573486328,0.32343330371729584,2,0,1.0,0.0,60.778400000003785,10.93249999999557,4255120,509.4397000000015,2161,128,600,185040,276480,5760
mnist,tiny_cnn,pp_srsf,sign_flip,0.2,0.5,6,0.339,1.9962161865234376,0.2658085332996308,2,0,1.0,0.0,57.762400000001435,10.88899999999171,4255120,499.02730000002293,2161,128,600,185040,276480,5760
mnist,tiny_cnn,pp_srsf,sign_flip,0.2,0.5,7,0.125,2.0686173400878904,0.05016633992752332,2,0,1.0,0.0,58.72060000001511,11.548299999986966,4255120,507.8235999999947,2161,128,600,185040,276480,5760
mnist,tiny_cnn,pp_srsf,sign_flip,0.2,0.5,8,0.443,1.6596845703125,0.3951962069909237,2,0,1.0,0.0,57.480400000002874,9.8433,4255120,503.12050000002273,2161,128,600,185040,276480,5760
mnist,tiny_cnn,pp_srsf,sign_flip,0.2,0.5,9,0.53,1.4641351318359375,0.4628211972304741,2,0,1.0,0.0,56.65980000000559,10.574899999994614,4255120,513.9514999999903,2161,128,600,185040,276480,5760
mnist,tiny_cnn,pp_srsf,sign_flip,0.2,0.5,10,0.549,1.3860057678222657,0.5008378601806764,2,0,1.0,0.0,61.46509999999239,12.168099999996684,4255120,519.7597000000087,2161,128,600,185040,276480,5760
mnist,tiny_cnn,pp_srsf,sign_flip,0.2,0.5,11,0.61,1.2155143127441406,0.5960506257040198,2,0,1.0,0.0,57.05090000000723,9.770599999995966,4255120,520.1608999999792,2161,128,600,185040,276480,5760
mnist,tiny_cnn,pp_srsf,sign_flip,0.2,0.5,12,0.545,1.2227412719726563,0.5397423642933615,2,0,1.0,0.0,59.08869999998956,12.38580000000411,4255120,509.8399000000029,2161,128,600,185040,276480,5760
mnist,tiny_cnn,pp_srsf,sign_flip,0.2,0.5,13,0.707,0.9671808166503906,0.6780549207945377,2,0,1.0,0.0,56.79639999999608,11.108099999972865,4255120,500.47309999999356,2161,128,600,185040,276480,5760
mnist,tiny_cnn,pp_srsf,sign_flip,0.2,0.5,14,0.713,0.9040699157714843,0.6795461383949469,2,0,1.0,0.0,57.68059999999764,10.399500000005446,4255120,508.9746999999818,2161,128,600,185040,276480,5760
mnist,tiny_cnn,pp_srsf,sign_flip,0.2,0.5,15,0.767,0.8221849212646485,0.7554073214153827,2,0,1.0,0.0,57.96520000001237,12.208400000019992,4255120,527.5890000000061,2161,128,600,185040,276480,5760
mnist,tiny_cnn,pp_srsf_trust,sign_flip,0.2,0.5,1,0.101,2.306613098144531,0.03483257544439851,1,1,0.5,0.125,60.37859999997863,10.24309999999673,4255120,852.177399999988,2161,128,600,185040,276480,5760
mnist,tiny_cnn,pp_srsf_trust,sign_flip,0.2,0.5,2,0.084,2.296772705078125,0.028396200393062787,2,0,1.0,0.0,62.02529999998774,9.546999999997752,4255120,838.13379999998,2161,128,600,185040,276480,5760
mnist,tiny_cnn,pp_srsf_trust,sign_flip,0.2,0.5,3,0.161,2.3156964721679687,0.10960006162572433,1,1,0.5,0.125,63.9991999999836,12.290100000001303,4255120,858.8881999999955,2161,128,600,185040,276480,5760
mnist,tiny_cnn,pp_srsf_trust,sign_flip,0.2,0.5,4,0.132,2.3143169555664063,0.07380389508049082,2,0,1.0,0.0,57.98189999998726,10.392300000006571,4255120,849.9788999999964,2161,128,600,185040,276480,5760
mnist,tiny_cnn,pp_srsf_trust,sign_flip,0.2,0.5,5,0.217,2.303826354980469,0.1400454790911526,2,0,1.0,0.0,60.773600000004535,10.489800000016203,4255120,849.0181999999891,2161,128,600,185040,276480,5760
mnist,tiny_cnn,pp_srsf_trust,sign_flip,0.2,0.5,6,0.301,2.27499560546875,0.20917799897300432,2,0,1.0,0.0,58.25870000001032,10.558000000003176,4255120,841.3994000000002,2161,128,600,185040,276480,5760
mnist,tiny_cnn,pp_srsf_trust,sign_flip,0.2,0.5,7,0.368,2.2161369018554686,0.24992087822485876,2,0,1.0,0.0,60.117299999973284,12.177399999984573,4255120,845.1249000000018,2161,128,600,185040,276480,5760
mnist,tiny_cnn,pp_srsf_trust,sign_flip,0.2,0.5,8,0.333,2.114888092041016,0.25967107164426034,2,0,1.0,0.0,60.60990000000288,10.797300000007226,4255120,857.3077000000069,2161,128,600,185040,276480,5760
mnist,tiny_cnn,pp_srsf_trust,sign_flip,0.2,0.5,9,0.241,2.355017517089844,0.14847099944517073,1,1,0.5,0.125,58.9305999999965,12.189899999981435,4255120,855.9101999999825,2161,128,600,185040,276480,5760
mnist,tiny_cnn,pp_srsf_trust,sign_flip,0.2,0.5,10,0.326,2.0752462463378905,0.29772360055859876,2,0,1.0,0.0,60.777599999994436,10.564999999985503,4255120,867.5456999999938,2161,128,600,185040,276480,5760
mnist,tiny_cnn,pp_srsf_trust,sign_flip,0.2,0.5,11,0.485,1.8346580810546875,0.3998289871958566,2,0,1.0,0.0,63.66710000000353,10.501500000003716,4255120,851.9014999999968,2161,128,600,185040,276480,5760
mnist,tiny_cnn,pp_srsf_trust,sign_flip,0.2,0.5,12,0.499,1.6193529357910157,0.43261439949399333,2,0,1.0,0.0,62.11719999998877,10.692099999999982,4255120,852.8072999999949,2161,128,600,185040,276480,5760
mnist,tiny_cnn,pp_srsf_trust,sign_flip,0.2,0.5,13,0.519,1.4866973266601562,0.4453400701638198,2,0,1.0,0.0,60.815999999988435,10.281899999995403,4255120,864.1772999999944,2161,128,600,185040,276480,5760
mnist,tiny_cnn,pp_srsf_trust,sign_flip,0.2,0.5,14,0.41,1.7632103576660156,0.361898269693783,1,1,0.5,0.125,59.471400000006724,10.57140000000345,4255120,879.5671000000027,2161,128,600,185040,276480,5760
mnist,tiny_cnn,pp_srsf_trust,sign_flip,0.2,0.5,15,0.471,1.54305712890625,0.4162563388214253,2,0,1.0,0.0,56.7245000000014,12.075799999990977,4255120,857.0720999999821,2161,128,600,185040,276480,5760
mnist,tiny_cnn,pp_srsf,sign_flip,0.2,0.5,1,0.1,2.2999783325195313,0.01818181818181818,2,0,1.0,0.0,9.40459999998211,9.309800000011137,4235920,461.4140000000191,2162,8,600,12240,17280,360
mnist,tiny_cnn,pp_srsf,sign_flip,0.2,0.5,2,0.116,2.3051903076171874,0.03034960474482467,1,1,0.5,0.125,10.219899999981408,11.853799999983039,4235920,452.0633999999859,2162,8,600,12240,17280,360
mnist,tiny_cnn,pp_srsf,sign_flip,0.2,0.5,3,0.115,2.3023529052734375,0.029083440798586234,2,0,1.0,0.0,8.312099999983502,12.044199999991179,4235920,449.6735999999828,2162,8,600,12240,17280,360
mnist,tiny_cnn,pp_srsf,sign_flip,0.2,0.5,4,0.146,2.2990050659179686,0.06633621178265967,2,0,1.0,0.0,8.761399999997366,11.474200000009205,4235920,467.9903999999908,2162,8,600,12240,17280,360
mnist,tiny_cnn,pp_srsf,sign_flip,0.2,0.5,5,0.1,2.2878895263671875,0.01818181818181818,2,0,1.0,0.0,8.433699999983446,11.936999999988984,4235920,476.2763000000234,2162,8,600,12240,17280,360
mnist,tiny_cnn,pp_srsf,sign_flip,0.2,0.5,6,0.101,2.2643179931640627,0.020050213999258583,2,0,1.0,0.0,8.332199999983914,11.90350000001672,4235920,457.25809999999,2162,8,600,12240,17280,360
mnist,tiny_cnn,pp_srsf,sign_flip,0.2,0.5,7,0.093,2.266137756347656,0.017017383348581886,2,0,1.0,0.0,8.48439999998618,12.169000000000096,4235920,468.76810000000546,2162,8,600,12240,17280,360
mnist,tiny_cnn,pp_srsf,sign_flip,0.2,0.5,8,0.1,2.239118408203125,0.01818181818181818,2,0,1.0,0.0,9.326600000008511,11.59300000000485,4235920,458.61469999999827,2162,8,600,12240,17280,360
mnist,tiny_cnn,pp_srsf,sign_flip,0.2,0.5,9,0.1,2.194039794921875,0.01818181818181818,2,0,1.0,0.0,9.763800000001766,11.473399999999856,4235920,452.3453000000188,2162,8,600,12240,17280,360
mnist,tiny_cnn,pp_srsf,sign_flip,0.2,0.5,10,0.378,2.096548431396484,0.25425124573662894,2,0,1.0,0.0,7.858099999992874,9.349900000017897,4235920,452.0010999999897,2162,8,600,12240,17280,360
mnist,tiny_cnn,pp_srsf,sign_flip,0.2,0.5,11,0.168,2.0338963928222658,0.09407658090342694,2,0,1.0,0.0,9.46640000000798,11.501100000003817,4235920,460.42559999997934,2162,8,600,12240,17280,360
mnist,tiny_cnn,pp_srsf,sign_flip,0.2,0.5,12,0.417,1.8954319458007813,0.33636207340718405,2,0,1.0,0.0,8.773500000017975,11.091300000032334,4235920,451.55030000000806,2162,8,600,12240,17280,360
mnist,tiny_cnn,pp_srsf,sign_flip,0.2,0.5,13,0.293,1.827650146484375,0.19193731211529025,2,0,1.0,0.0,9.915499999976873,10.788800000000265,4235920,451.7994999999928,2162,8,600,12240,17280,360
mnist,tiny_cnn,pp_srsf,sign_flip,0.2,0.5,14,0.528,1.6176202697753905,0.450624479760852,2,0,1.0,0.0,9.013199999969856,9.569199999987177,4235920,474.6840999999904,2162,8,600,12240,17280,360
mnist,tiny_cnn,pp_srsf,sign_flip,0.2,0.5,15,0.561,1.4307185668945313,0.4987376590159613,2,0,1.0,0.0,8.747200000016164,10.395000000016807,4235920,455.48830000001317,2162,8,600,12240,17280,360
mnist,tiny_cnn,pp_srsf_trust,sign_flip,0.2,0.5,1,0.11,2.3020183715820313,0.023076923076923075,1,1,0.5,0.125,10.70980000002919,9.40570000000207,4235920,803.4126000000015,2162,8,600,12240,17280,360
mnist,tiny_cnn,pp_srsf_trust,sign_flip,0.2,0.5,2,0.089,2.305903259277344,0.029814408426860617,0,2,0.0,0.25,10.511400000041249,12.022600000022976,4235920,796.5126999999939,2162,8,600,12240,17280,360
mnist,tiny_cnn,pp_srsf_trust,sign_flip,0.2,0.5,3,0.109,2.305084228515625,0.01969286359530262,1,1,0.5,0.125,10.656499999981861,10.98869999998442,4235920,794.4701999999779,2162,8,600,12240,17280,360
mnist,tiny_cnn,pp_srsf_trust,sign_flip,0.2,0.5,4,0.107,2.3211275634765625,0.020056232427366448,0,2,0.0,0.25,8.734199999992143,10.586899999964317,4235920,792.0606000000134,2162,8,600,12240,17280,360
mnist,tiny_cnn,pp_srsf_trust,sign_flip,0.2,0.5,5,0.108,2.3330789794921873,0.0364036510216374,1,1,0.5,0.125,10.025399999960882,11.379799999986062,4235920,827.0076000000017,2162,8,600,12240,17280,360
mnist,tiny_cnn,pp_srsf_trust,sign_flip,0.2,0.5,6,0.107,2.337062194824219,0.01933152664859982,2,0,1.0,0.0,11.113999999963653,12.252100000011978,4235920,818.959599999971,2162,8,600,12240,17280,360
mnist,tiny_cnn,pp_srsf_trust,sign_flip,0.2,0.5,7,0.107,2.334887512207031,0.01933152664859982,2,0,1.0,0.0,10.760000000004766,12.392200000022058,4235920,805.1138999999807,2162,8,600,12240,17280,360
mnist,tiny_cnn,pp_srsf_trust,sign_flip,0.2,0.5,8,0.117,2.304725402832031,0.03534510109313259,2,0,1.0,0.0,8.860900000001948,11.299900000039997,4235920,787.1674000000439,2162,8,600,12240,17280,360
mnist,tiny_cnn,pp_srsf_trust,sign_flip,0.2,0.5,9,0.111,2.42439599609375,0.02,1,1,0.5,0.125,10.920899999973699,11.811799999975392,4235920,804.6851999999944,2162,8,600,12240,17280,360
mnist,tiny_cnn,pp_srsf_trust,sign_flip,0.2,0.5,10,0.1,2.3576257934570313,0.01818181818181818,2,0,1.0,0.0,9.668599999997696,10.996999999974832,4235920,803.7836000000311,2162,8,600,12240,17280,360
mnist,tiny_cnn,pp_srsf_trust,sign_flip,0.2,0.5,11,0.1,2.3087478637695313,0.01818181818181818,2,0,1.0,0.0,11.205000000018117,11.544899999989866,4235920,810.4099999999903,2162,8,600,12240,17280,360
mnist,tiny_cnn,pp_srsf_trust,sign_flip,0.2,0.5,12,0.093,2.26374365234375,0.017017383348581886,2,0,1.0,0.0,10.208099999999831,9.947399999987283,4235920,813.0074000000036,2162,8,600,12240,17280,360
mnist,tiny_cnn,pp_srsf_trust,sign_flip,0.2,0.5,13,0.184,2.363703552246094,0.06247139884229813,1,1,0.5,0.125,11.024700000007215,11.939000000040778,4235920,793.8154000000281,2162,8,600,12240,17280,360
mnist,tiny_cnn,pp_srsf_trust,sign_flip,0.2,0.5,14,0.2,2.2032628173828126,0.13684522663569282,2,0,1.0,0.0,10.41370000001507,11.998000000005504,4235920,810.5502999999885,2162,8,600,12240,17280,360
mnist,tiny_cnn,pp_srsf_trust,sign_flip,0.2,0.5,15,0.111,2.3483417358398437,0.020090497737556563,1,1,0.5,0.125,9.264099999995778,11.727600000028815,4235920,807.5162000000091,2162,8,600,12240,17280,360
mnist,tiny_cnn,pp_srsf,sign_flip,0.2,0.5,1,0.1,2.2999783325195313,0.01818181818181818,2,0,1.0,0.0,13.669999999990523,11.920099999997547,4237200,483.0410999999799,2162,16,600,23760,34560,720
mnist,tiny_cnn,pp_srsf,sign_flip,0.2,0.5,2,0.116,2.3051902465820313,0.03034960474482467,1,1,0.5,0.125,13.599600000020473,12.131899999985762,4237200,474.65159999995876,2162,16,600,23760,34560,720
mnist,tiny_cnn,pp_srsf,sign_flip,0.2,0.5,3,0.115,2.3023529052734375,0.029083440798586234,2,0,1.0,0.0,12.579700000003413,9.96309999999312,4237200,468.2613999999603,2162,16,600,23760,34560,720
mnist,tiny_cnn,pp_srsf,sign_flip,0.2,0.5,4,0.146,2.2990050659179686,0.06633621178265967,2,0,1.0,0.0,13.316300000042247,11.6865999999618,4237200,465.5079999999998,2162,16,600,23760,34560,720
mnist,tiny_cnn,pp_srsf,sign_flip,0.2,0.5,5,0.1,2.2878898315429685,0.01818181818181818,2,0,1.0,0.0,11.809999999968568,10.746499999982007,4237200,459.50310000000627,2162,16,600,23760,34560,720
mnist,tiny_cnn,pp_srsf,sign_flip,0.2,0.5,6,0.101,2.2643181762695312,0.020050213999258583,2,0,1.0,0.0,12.569299999995565,10.227599999950598,4237200,464.16130000000067,2162,16,600,23760,34560,720
mnist,tiny_cnn,pp_srsf,sign_flip,0.2,0.5,7,0.093,2.2661353759765626,0.017017383348581886,2,0,1.0,0.0,14.77909999999838,11.449900000002344,4237200,464.5031000000017,2162,16,600,23760,34560,720
mnist,tiny_cnn,pp_srsf,sign_flip,0.2,0.5,8,0.1,2.239108154296875,0.01818181818181818,2,0,1.0,0.0,12.160800000003746,11.127900000019508,4237200,461.42419999995354,2162,16,600,23760,34560,720
mnist,tiny_cnn,pp_srsf,sign_flip,0.2,0.5,9,0.1,2.194060485839844,0.01818181818181818,2,0,1.0,0.0,13.458700000001045,12.25130000000263,4237200,475.01619999997047,2162,16,600,23760,34560,720
mnist,tiny_cnn,pp_srsf,sign_flip,0.2,0.5,10,0.379,2.0970439758300783,0.25742650982899695,2,0,1.0,0.0,12.264200000004166,10.646199999996497,4237200,459.3972999999778,2162,16,600,23760,34560,720
mnist,tiny_cnn,pp_srsf,sign_flip,0.2,0.5,11,0.166,2.0340281372070312,0.09264150750113964,2,0,1.0,0.0,13.49049999998897,12.317899999970905,4237200,456.3375000000178,2162,16,600,23760,34560,720
mnist,tiny_cnn,pp_srsf,sign_flip,0.2,0.5,12,0.418,1.8953350524902344,0.33762856009452313,2,0,1.0,0.0,11.901000000023032,10.843300000033196,4237200,461.47980000000643,2162,16,600,23760,34560,720
mnist,tiny_cnn,pp_srsf,sign_flip,0.2,0.5,13,0.293,1.8279799194335937,0.19098469036776936,2,0,1.0,0.0,12.57530000003726,10.73380000002544,4237200,463.45730000001595,2162,16,600,23760,34560,720
mnist,tiny_cnn,pp_srsf,sign_flip,0.2,0.5,14,0.523,1.619400848388672,0.4431645527824065,2,0,1.0,0.0,14.22139999999672,9.76620000000139,4237200,468.5929999999985,2162,16,600,23760,34560,720
mnist,tiny_cnn,pp_srsf,sign_flip,0.2,0.5,15,0.597,1.421876953125,0.5702738686503055,2,0,1.0,0.0,13.544400000000678,9.399399999949765,4237200,458.32020000000284,2162,16,600,23760,34560,720
mnist,tiny_cnn,pp_srsf_trust,sign_flip,0.2,0.5,1,0.11,2.3020183715820313,0.023076923076923075,1,1,0.5,0.125,12.702600000011444,10.738400000036563,4237200,796.1928000000285,2162,16,600,23760,34560,720
mnist,tiny_cnn,pp_srsf_trust,sign_flip,0.2,0.5,2,0.109,2.3025800170898436,0.019657348963029755,1,1,0.5,0.125,14.70790000001898,10.771099999999478,4237200,844.8887000000127,2162,16,600,23760,34560,720
mnist,tiny_cnn,pp_srsf_trust,sign_flip,0.2,0.5,3,0.109,2.3104551391601564,0.019657348963029755,0,2,0.0,0.25,13.941899999963425,11.402200000020457,4237200,807.9255000000103,2162,16,600,23760,34560,720
mnist,tiny_cnn,pp_srsf_trust,sign_flip,0.2,0.5,4,0.109,2.314310974121094,0.019657348963029755,1,1,0.5,0.125,13.374300000009498,11.930500000005395,4237200,813.2151000000363,2162,16,600,23760,34560,720
mnist,tiny_cnn,pp_srsf_trust,sign_flip,0.2,0.5,5,0.109,2.327015625,0.019657348963029755,1,1,0.5,0.125,15.174699999988661,12.052100000005339,4237200,793.1962999999769,2162,16,600,23760,34560,720
mnist,tiny_cnn,pp_srsf_trust,sign_flip,0.2,0.5,6,0.107,2.324202209472656,0.01933152664859982,2,0,1.0,0.0,14.168700000027457,11.910400000033405,4237200,817.6707999999735,2162,16,600,23760,34560,720
mnist,tiny_cnn,pp_srsf_trust,sign_flip,0.2,0.5,7,0.107,2.317722961425781,0.01933152664859982,2,0,1.0,0.0,13.370099999974627,11.929599999973561,4237200,839.9238999999739,2162,16,600,23760,34560,720
mnist,tiny_cnn,pp_srsf_trust,sign_flip,0.2,0.5,8,0.203,2.2820159912109377,0.09052709272328724,2,0,1.0,0.0,13.687399999980698,10.75759999997672,4237200,813.9105999999856,2162,16,600,23760,34560,720
mnist,tiny_cnn,pp_srsf_trust,sign_flip,0.2,0.5,9,0.111,2.4099349365234377,0.01998199819981998,1,1,0.5,0.125,11.566800000025523,11.849799999993138,4237200,801.013399999988,2162,16,600,23760,34560,720
mnist,tiny_cnn,pp_srsf_trust,sign_flip,0.2,0.5,10,0.1,2.3296123046875,0.01818181818181818,2,0,1.0,0.0,14.122900000018035,11.927600000035454,4237200,818.8471999999933,2162,16,600,23760,34560,720
mnist,tiny_cnn,pp_srsf_trust,sign_flip,0.2,0.5,11,0.1,2.2743001708984374,0.01818181818181818,2,0,1.0,0.0,13.219300000002931,10.599500000012085,4237200,805.5013000000031,2162,16,600,23760,34560,720
mnist,tiny_cnn,pp_srsf_trust,sign_flip,0.2,0.5,12,0.171,2.3807884521484377,0.059630820416241404,1,1,0.5,0.125,14.491099999986545,10.066499999993539,4237200,873.8394000000085,2162,16,600,23760,34560,720
mnist,tiny_cnn,pp_srsf_trust,sign_flip,0.2,0.5,13,0.266,2.210823486328125,0.14506648409316808,2,0,1.0,0.0,13.261199999988094,10.539599999958682,4237200,820.3095000000076,2162,16,600,23760,34560,720
mnist,tiny_cnn,pp_srsf_trust,sign_flip,0.2,0.5,14,0.119,2.368991455078125,0.032226281087993226,1,1,0.5,0.125,11.570000000006075,10.633600000005572,4237200,792.913599999963,2162,16,600,23760,34560,720
mnist,tiny_cnn,pp_srsf_trust,sign_flip,0.2,0.5,15,0.341,2.1773627319335938,0.2139662930597661,2,0,1.0,0.0,14.70110000002478,13.048099999991791,4237200,880.9054000000174,2162,16,600,23760,34560,720
mnist,tiny_cnn,pp_srsf,sign_flip,0.2,0.5,1,0.1,2.2999783325195313,0.01818181818181818,2,0,1.0,0.0,18.722500000023956,10.968800000000556,4239760,512.3708999999508,2162,32,600,46800,69120,1440
mnist,tiny_cnn,pp_srsf,sign_flip,0.2,0.5,2,0.128,2.298642272949219,0.05830890599752875,2,0,1.0,0.0,21.78750000001628,12.89630000002262,4239760,539.5701999999574,2162,32,600,46800,69120,1440
mnist,tiny_cnn,pp_srsf,sign_flip,0.2,0.5,3,0.182,2.294229248046875,0.08790424355084403,2,0,1.0,0.0,18.505500000003394,12.229600000011942,4239760,558.8110999999572,2162,32,600,46800,69120,1440
mnist,tiny_cnn,pp_srsf,sign_flip,0.2,0.5,4,0.118,2.289473388671875,0.059814669031566826,2,0,1.0,0.0,19.576999999969757,12.22360000002709,4239760,512.3748999999975,2162,32,600,46800,69120,1440
mnist,tiny_cnn,pp_srsf,sign_flip,0.2,0.5,5,0.1,2.2760750122070315,0.01818181818181818,2,0,1.0,0.0,19.626699999946595,11.147300000004634,4239760,506.42380000005005,2162,32,600,46800,69120,1440
mnist,tiny_cnn,pp_srsf,sign_flip,0.2,0.5,6,0.193,2.2498278198242185,0.09776554719471324,2,0,1.0,0.0,19.798399999956473,11.216400000023441,4239760,503.72409999999945,2162,32,600,46800,69120,1440
mnist,tiny_cnn,pp_srsf,sign_flip,0.2,0.5,7,0.093,2.2571636962890627,0.017017383348581886,2,0,1.0,0.0,20.20310000000336,11.264899999957834,4239760,481.90449999998464,2162,32,600,46800,69120,1440
mnist,tiny_cnn,pp_srsf,sign_flip,0.2,0.5,8,0.1,2.216384765625,0.01818181818181818,2,0,1.0,0.0,19.09499999999298,10.819299999980103,4239760,472.21249999995507,2162,32,600,46800,69120,1440
mnist,tiny_cnn,pp_srsf,sign_flip,0.2,0.5,9,0.112,2.161146759033203,0.03755703943869761,2,0,1.0,0.0,20.848800000010215,10.078299999975115,4239760,491.48899999994455,2162,32,600,46800,69120,1440
mnist,tiny_cnn,pp_srsf,sign_flip,0.2,0.5,10,0.402,2.0468138732910157,0.2786372957165072,2,0,1.0,0.0,18.055599999968308,10.73100000002114,4239760,517.8942999999663,2162,32,600,46800,69120,1440
mnist,tiny_cnn,pp_srsf,sign_flip,0.2,0.5,11,0.206,1.9673256530761718,0.13735441111513658,2,0,1.0,0.0,19.967800000017633,12.843800000041483,4239760,514.0082000000348,2162,32,600,46800,69120,1440
mnist,tiny_cnn,pp_srsf,sign_flip,0.2,0.5,12,0.436,1.8176255798339844,0.3512832559767435,2,0,1.0,0.0,20.54630000003499,11.431099999981598,4239760,497.7442999999653,2162,32,600,46800,69120,1440
mnist,tiny_cnn,pp_srsf,sign_flip,0.2,0.5,13,0.34,1.7202785949707031,0.25879375589816217,2,0,1.0,0.0,20.113700000024437,11.848799999995663,4239760,500.6260000000111,2162,32,600,46800,69120,1440
mnist,tiny_cnn,pp_srsf,sign_flip,0.2,0.5,14,0.574,1.5174881286621094,0.5164319589429142,2,0,1.0,0.0,20.38020000003371,12.507099999993443,4239760,502.13929999995344,2162,32,600,46800,69120,1440
mnist,tiny_cnn,pp_srsf,sign_flip,0.2,0.5,15,0.617,1.3378568420410155,0.5672443954199786,2,0,1.0,0.0,20.150999999998476,11.71900000002779,4239760,473.5602999999742,2162,32,600,46800,69120,1440
mnist,tiny_cnn,pp_srsf_trust,sign_flip,0.2,0.5,1,0.11,2.3020183715820313,0.023076923076923075,1,1,0.5,0.125,21.08939999999393,11.878200000012384,4239760,848.3923999999661,2162,32,600,46800,69120,1440
mnist,tiny_cnn,pp_srsf_trust,sign_flip,0.2,0.5,2,0.109,2.3025800170898436,0.019657348963029755,1,1,0.5,0.125,21.29930000000968,12.491000000011354,4239760,836.0816,2162,32,600,46800,69120,1440
mnist,tiny_cnn,pp_srsf_trust,sign_flip,0.2,0.5,3,0.109,2.3104551391601564,0.019657348963029755,0,2,0.0,0.25,21.22869999999466,11.406700000009096,4239760,855.5572999999868,2162,32,600,46800,69120,1440
mnist,tiny_cnn,pp_srsf_trust,sign_flip,0.2,0.5,4,0.109,2.314310974121094,0.019657348963029755,1,1,0.5,0.125,20.413900000050944,11.638600000026145,4239760,823.3349999999859,2162,32,600,46800,69120,1440
mnist,tiny_cnn,pp_srsf_trust,sign_flip,0.2,0.5,5,0.109,2.327015625,0.019657348963029755,1,1,0.5,0.125,22.07659999999123,11.689999999987322,4239760,837.5751000000378,2162,32,600,46800,69120,1440
mnist,tiny_cnn,pp_srsf_trust,sign_flip,0.2,0.5,6,0.107,2.324202209472656,0.01933152664859982,2,0,1.0,0.0,20.096700000010514,11.767600000041512,4239760,823.1440999999791,2162,32,600,46800,69120,1440
mnist,tiny_cnn,pp_srsf_trust,sign_flip,0.2,0.5,7,0.107,2.3177230834960936,0.01933152664859982,2,0,1.0,0.0,26.53600000002143,14.801000000034037,4239760,920.5716999999822,2162,32,600,46800,69120,1440
mnist,tiny_cnn,pp_srsf_trust,sign_flip,0.2,0.5,8,0.203,2.282015869140625,0.09052709272328724,2,0,1.0,0.0,18.267199999968398,10.696800000005169,4239760,886.7321999999831,2162,32,600,46800,69120,1440
mnist,tiny_cnn,pp_srsf_trust,sign_flip,0.2,0.5,9,0.111,2.409934814453125,0.01998199819981998,1,1,0.5,0.125,21.25180000001592,11.985100000003968,4239760,849.7795999999767,2162,32,600,46800,69120,1440
mnist,tiny_cnn,pp_srsf_trust,sign_flip,0.2,0.5,10,0.1,2.3296122436523437,0.01818181818181818,2,0,1.0,0.0,18.202700000017558,11.610000000018772,4239760,823.3154999999783,2162,32,600,46800,69120,1440
mnist,tiny_cnn,pp_srsf_trust,sign_flip,0.2,0.5,11,0.1,2.2742998657226563,0.01818181818181818,2,0,1.0,0.0,19.169199999964803,10.504099999991467,4239760,816.5854000000081,2162,32,600,46800,69120,1440
mnist,tiny_cnn,pp_srsf_trust,sign_flip,0.2,0.5,12,0.171,2.380788391113281,0.059630820416241404,1,1,0.5,0.125,21.628800000030424,10.782699999992928,4239760,814.4494000000009,2162,32,600,46800,69120,1440
mnist,tiny_cnn,pp_srsf_trust,sign_flip,0.2,0.5,13,0.266,2.2108231811523438,0.14506648409316808,2,0,1.0,0.0,18.731899999977486,11.992999999961285,4239760,791.5932000000225,2162,32,600,46800,69120,1440
mnist,tiny_cnn,pp_srsf_trust,sign_flip,0.2,0.5,14,0.119,2.3689774780273436,0.032226281087993226,1,1,0.5,0.125,17.38489999996773,9.475699999995868,4239760,797.622199999978,2162,32,600,46800,69120,1440
mnist,tiny_cnn,pp_srsf_trust,sign_flip,0.2,0.5,15,0.341,2.1772440795898436,0.2139236517978425,2,0,1.0,0.0,18.814000000020314,11.493500000028689,4239760,768.8909999999964,2162,32,600,46800,69120,1440
mnist,tiny_cnn,pp_srsf,sign_flip,0.2,0.5,1,0.1,2.2999783325195313,0.01818181818181818,2,0,1.0,0.0,29.106299999966723,10.980000000017753,4244880,502.8338999999846,2162,64,600,92880,138240,2880
mnist,tiny_cnn,pp_srsf,sign_flip,0.2,0.5,2,0.128,2.2986419067382813,0.05830890599752875,2,0,1.0,0.0,30.42169999997668,9.423099999992246,4244880,491.9529999999668,2162,64,600,92880,138240,2880
mnist,tiny_cnn,pp_srsf,sign_flip,0.2,0.5,3,0.182,2.2942283935546874,0.0878707409133942,2,0,1.0,0.0,31.566399999974237,10.428399999966587,4244880,476.21240000000853,2162,64,600,92880,138240,2880
mnist,tiny_cnn,pp_srsf,sign_flip,0.2,0.5,4,0.115,2.289482666015625,0.05550454833932726,2,0,1.0,0.0,29.178600000022925,9.763299999974606,4244880,472.37780000000384,2162,64,600,92880,138240,2880
mnist,tiny_cnn,pp_srsf,sign_flip,0.2,0.5,5,0.1,2.276068054199219,0.01818181818181818,2,0,1.0,0.0,29.364799999996194,9.380700000008346,4244880,458.4706999999639,2162,64,600,92880,138240,2880
mnist,tiny_cnn,pp_srsf,sign_flip,0.2,0.5,6,0.194,2.2498428344726564,0.09801055292795592,2,0,1.0,0.0,31.165299999997842,11.452500000018517,4244880,456.1052000000245,2162,64,600,92880,138240,2880
mnist,tiny_cnn,pp_srsf,sign_flip,0.2,0.5,7,0.093,2.2567694702148438,0.017017383348581886,2,0,1.0,0.0,28.82700000003524,11.653400000000147,4244880,448.79600000001574,2162,64,600,92880,138240,2880
mnist,tiny_cnn,pp_srsf,sign_flip,0.2,0.5,8,0.1,2.215895324707031,0.01818181818181818,2,0,1.0,0.0,30.09700000001203,9.40450000001647,4244880,443.14149999996744,2162,64,600,92880,138240,2880
mnist,tiny_cnn,pp_srsf,sign_flip,0.2,0.5,9,0.111,2.1611679077148436,0.03609034063579518,2,0,1.0,0.0,30.1560000000336,9.243400000002566,4244880,459.3778999999927,2162,64,600,92880,138240,2880
mnist,tiny_cnn,pp_srsf,sign_flip,0.2,0.5,10,0.402,2.046187530517578,0.2786799920652022,2,0,1.0,0.0,30.984600000010687,9.56989999997404,4244880,446.091899999999,2162,64,600,92880,138240,2880
mnist,tiny_cnn,pp_srsf,sign_flip,0.2,0.5,11,0.207,1.966393280029297,0.1396071727388564,2,0,1.0,0.0,30.36939999998367,10.447699999986071,4244880,452.58000000001175,2162,64,600,92880,138240,2880
mnist,tiny_cnn,pp_srsf,sign_flip,0.2,0.5,12,0.436,1.8170838928222657,0.3512832559767435,2,0,1.0,0.0,33.98240000001351,9.914099999946302,4244880,452.31139999998504,2162,64,600,92880,138240,2880
mnist,tiny_cnn,pp_srsf,sign_flip,0.2,0.5,13,0.341,1.7201126098632813,0.25990125429351424,2,0,1.0,0.0,32.40660000000162,9.805200000016612,4244880,473.26739999999745,2162,64,600,92880,138240,2880
mnist,tiny_cnn,pp_srsf,sign_flip,0.2,0.5,14,0.579,1.5174798278808594,0.5209884227251456,2,0,1.0,0.0,31.980700000019624,11.336000000028434,4244880,463.045099999988,2162,64,600,92880,138240,2880
mnist,tiny_cnn,pp_srsf,sign_flip,0.2,0.5,15,0.614,1.3385473327636719,0.5596772456590857,2,0,1.0,0.0,32.60639999996329,11.027599999977156,4244880,464.4534999999905,2162,64,600,92880,138240,2880
mnist,tiny_cnn,pp_srsf_trust,sign_flip,0.2,0.5,1,0.11,2.3020183715820313,0.023076923076923075,1,1,0.5,0.125,31.76560000002837,9.681399999976747,4244880,775.0178000000005,2162,64,600,92880,138240,2880
mnist,tiny_cnn,pp_srsf_trust,sign_flip,0.2,0.5,2,0.109,2.3025800170898436,0.019657348963029755,1,1,0.5,0.125,28.803400000015245,10.328000000015436,4244880,756.4877000000365,2162,64,600,92880,138240,2880
mnist,tiny_cnn,pp_srsf_trust,sign_flip,0.2,0.5,3,0.109,2.3104551391601564,0.019657348963029755,0,2,0.0,0.25,29.44439999998849,10.85449999999355,4244880,782.5908000000368,2162,64,600,92880,138240,2880
mnist,tiny_cnn,pp_srsf_trust,sign_flip,0.2,0.5,4,0.109,2.3143109130859374,0.019657348963029755,1,1,0.5,0.125,31.645900000000893,12.0544000000109,4244880,789.5380999999588,2162,64,600,92880,138240,2880
mnist,tiny_cnn,pp_srsf_trust,sign_flip,0.2,0.5,5,0.109,2.315875244140625,0.019657348963029755,2,0,1.0,0.0,31.993800000009287,10.124000000018896,4244880,774.0786999999614,2162,64,600,92880,138240,2880
mnist,tiny_cnn,pp_srsf_trust,sign_flip,0.2,0.5,6,0.11,2.3150850219726564,0.024182172603225235,2,0,1.0,0.0,31.12939999999753,11.475599999982933,4244880,787.1528000000012,2162,64,600,92880,138240,2880
mnist,tiny_cnn,pp_srsf_trust,sign_flip,0.2,0.5,7,0.107,2.3103523559570314,0.01933152664859982,2,0,1.0,0.0,28.70589999997719,9.888399999965714,4244880,762.1479000000022,2162,64,600,92880,138240,2880
mnist,tiny_cnn,pp_srsf_trust,sign_flip,0.2,0.5,8,0.184,2.41838037109375,0.08585191512694634,1,1,0.5,0.125,30.110700000022916,9.078499999986889,4244880,777.3864000000117,2162,64,600,92880,138240,2880
mnist,tiny_cnn,pp_srsf_trust,sign_flip,0.2,0.5,9,0.1,2.351344482421875,0.01818181818181818,2,0,1.0,0.0,32.85790000001043,11.570199999994202,4244880,788.6392000000342,2162,64,600,92880,138240,2880
mnist,tiny_cnn,pp_srsf_trust,sign_flip,0.2,0.5,10,0.1,2.3048286743164064,0.01818181818181818,2,0,1.0,0.0,31.57090000001972,9.227199999997993,4244880,782.350699999995,2162,64,600,92880,138240,2880
mnist,tiny_cnn,pp_srsf_trust,sign_flip,0.2,0.5,11,0.1,2.257198547363281,0.01818181818181818,2,0,1.0,0.0,31.492800000023635,12.124699999958466,4244880,773.0645999999979,2162,64,600,92880,138240,2880
mnist,tiny_cnn,pp_srsf_trust,sign_flip,0.2,0.5,12,0.173,2.35967138671875,0.07027079688040343,1,1,0.5,0.125,30.29079999998885,10.131899999976213,4244880,781.3706000000025,2162,64,600,92880,138240,2880
mnist,tiny_cnn,pp_srsf_trust,sign_flip,0.2,0.5,13,0.316,2.195811553955078,0.20396689448765076,2,0,1.0,0.0,32.42139999997562,12.24939999997332,4244880,781.4398000000438,2162,64,600,92880,138240,2880
mnist,tiny_cnn,pp_srsf_trust,sign_flip,0.2,0.5,14,0.112,2.347339782714844,0.022013103037522335,1,1,0.5,0.125,32.204200000023775,10.183599999948001,4244880,777.9648000000066,2162,64,600,92880,138240,2880
mnist,tiny_cnn,pp_srsf_trust,sign_flip,0.2,0.5,15,0.342,2.154496154785156,0.22485899376982407,2,0,1.0,0.0,32.834600000001046,9.582799999975578,4244880,788.7782000000243,2162,64,600,92880,138240,2880
mnist,tiny_cnn,pp_srsf,sign_flip,0.2,0.5,1,0.1,2.2999783325195313,0.01818181818181818,2,0,1.0,0.0,57.63940000002776,10.802800000021762,4255120,485.2320000000532,2162,128,600,185040,276480,5760
mnist,tiny_cnn,pp_srsf,sign_flip,0.2,0.5,2,0.128,2.2986419067382813,0.05830890599752875,2,0,1.0,0.0,52.50139999998282,10.190700000009656,4255120,471.937099999991,2162,128,600,185040,276480,5760
mnist,tiny_cnn,pp_srsf,sign_flip,0.2,0.5,3,0.182,2.294228454589844,0.0878707409133942,2,0,1.0,0.0,56.42019999999093,12.000600000021677,4255120,489.23750000000155,2162,128,600,185040,276480,5760
mnist,tiny_cnn,pp_srsf,sign_flip,0.2,0.5,4,0.115,2.2894830322265625,0.05550454833932726,2,0,1.0,0.0,55.33309999998437,12.03949999995757,4255120,490.03759999999374,2162,128,600,185040,276480,5760
mnist,tiny_cnn,pp_srsf,sign_flip,0.2,0.5,5,0.1,2.276068664550781,0.01818181818181818,2,0,1.0,0.0,59.70130000002882,11.81850000000395,4255120,481.51159999997617,2162,128,600,185040,276480,5760
mnist,tiny_cnn,pp_srsf,sign_flip,0.2,0.5,6,0.194,2.249840881347656,0.09801055292795592,2,0,1.0,0.0,56.7019000000073,12.21090000001368,4255120,492.5448999999844,2162,128,600,185040,276480,5760
mnist,tiny_cnn,pp_srsf,sign_flip,0.2,0.5,7,0.093,2.256768615722656,0.017017383348581886,2,0,1.0,0.0,56.286199999988185,9.731000000044787,4255120,471.2193999999954,2162,128,600,185040,276480,5760
mnist,tiny_cnn,pp_srsf,sign_flip,0.2,0.5,8,0.1,2.2158968505859375,0.01818181818181818,2,0,1.0,0.0,61.54370000001563,11.206799999968098,4255120,502.79199999999946,2162,128,600,185040,276480,5760
mnist,tiny_cnn,pp_srsf,sign_flip,0.2,0.5,9,0.111,2.161167724609375,0.03609034063579518,2,0,1.0,0.0,58.03639999999177,8.99090000001479,4255120,481.3325000000077,2162,128,600,185040,276480,5760
mnist,tiny_cnn,pp_srsf,sign_flip,0.2,0.5,10,0.402,2.0461883850097657,0.2786799920652022,2,0,1.0,0.0,55.67320000000109,9.360500000013872,4255120,474.1037000000006,2162,128,600,185040,276480,5760
mnist,tiny_cnn,pp_srsf,sign_flip,0.2,0.5,11,0.207,1.9663839721679688,0.1396071727388564,2,0,1.0,0.0,57.753100000013546,10.819000000026335,4255120,482.34609999997247,2162,128,600,185040,276480,5760
mnist,tiny_cnn,pp_srsf,sign_flip,0.2,0.5,12,0.436,1.817093994140625,0.35144383916508076,2,0,1.0,0.0,53.42999999999165,11.688300000002982,4255120,495.6354999999917,2162,128,600,185040,276480,5760
mnist,tiny_cnn,pp_srsf,sign_flip,0.2,0.5,13,0.341,1.7197799072265625,0.25976896258779725,2,0,1.0,0.0,59.09859999997025,11.091399999997975,4255120,522.9467000000341,2162,128,600,185040,276480,5760
mnist,tiny_cnn,pp_srsf,sign_flip,0.2,0.5,14,0.578,1.5179764709472656,0.5201885460620213,2,0,1.0,0.0,58.79049999998642,10.843099999988226,4255120,491.0486999999648,2162,128,600,185040,276480,5760
mnist,tiny_cnn,pp_srsf,sign_flip,0.2,0.5,15,0.616,1.33745263671875,0.5641528913824909,2,0,1.0,0.0,53.36529999999584,10.068199999977878,4255120,484.33180000000675,2162,128,600,185040,276480,5760
mnist,tiny_cnn,pp_srsf_trust,sign_flip,0.2,0.5,1,0.11,2.3020183715820313,0.023076923076923075,1,1,0.5,0.125,57.69409999999198,9.099300000002586,4255120,817.2103999999649,2162,128,600,185040,276480,5760
mnist,tiny_cnn,pp_srsf_trust,sign_flip,0.2,0.5,2,0.109,2.3025800170898436,0.019657348963029755,1,1,0.5,0.125,56.2560999999846,9.995400000036625,4255120,806.0408000000052,2162,128,600,185040,276480,5760
mnist,tiny_cnn,pp_srsf_trust,sign_flip,0.2,0.5,3,0.109,2.3104551391601564,0.019657348963029755,0,2,0.0,0.25,54.30020000000013,9.410100000025068,4255120,786.750799999993,2162,128,600,185040,276480,5760
mnist,tiny_cnn,pp_srsf_trust,sign_flip,0.2,0.5,4,0.109,2.3143109130859374,0.019657348963029755,1,1,0.5,0.125,57.4636000000055,9.082400000011148,4255120,804.5048000000179,2162,128,600,185040,276480,5760
mnist,tiny_cnn,pp_srsf_trust,sign_flip,0.2,0.5,5,0.109,2.315875244140625,0.019657348963029755,2,0,1.0,0.0,56.001100000003134,10.251999999979944,4255120,788.1964999999695,2162,128,600,185040,276480,5760
mnist,tiny_cnn,pp_srsf_trust,sign_flip,0.2,0.5,6,0.11,2.3150850219726564,0.024182172603225235,2,0,1.0,0.0,56.25309999999217,11.878699999954279,4255120,811.8208000000209,2162,128,600,185040,276480,5760
mnist,tiny_cnn,pp_srsf_trust,sign_flip,0.2,0.5,7,0.107,2.3103523559570314,0.01933152664859982,2,0,1.0,0.0,58.581199999991895,11.913699999979599,4255120,795.2704999999582,2162,128,600,185040,276480,5760
mnist,tiny_cnn,pp_srsf_trust,sign_flip,0.2,0.5,8,0.184,2.41838037109375,0.08585191512694634,1,1,0.5,0.125,59.402200000022276,9.24689999999373,4255120,823.4708999999611,2162,128,600,185040,276480,5760
mnist,tiny_cnn,pp_srsf_trust,sign_flip,0.2,0.5,9,0.1,2.351344482421875,0.01818181818181818,2,0,1.0,0.0,52.61609999996608,10.423199999991084,4255120,798.1237000000192,2162,128,600,185040,276480,5760
mnist,tiny_cnn,pp_srsf_trust,sign_flip,0.2,0.5,10,0.1,2.3048286743164064,0.01818181818181818,2,0,1.0,0.0,57.04969999999321,9.18020000000297,4255120,815.9717000000342,2162,128,600,185040,276480,5760
mnist,tiny_cnn,pp_srsf_trust,sign_flip,0.2,0.5,11,0.1,2.257198547363281,0.01818181818181818,2,0,1.0,0.0,57.0465999999783,9.928300000012769,4255120,811.5294999999492,2162,128,600,185040,276480,5760
mnist,tiny_cnn,pp_srsf_trust,sign_flip,0.2,0.5,12,0.173,2.35967138671875,0.07027079688040343,1,1,0.5,0.125,56.76019999998516,11.168600000019069,4255120,788.3807000000047,2162,128,600,185040,276480,5760
mnist,tiny_cnn,pp_srsf_trust,sign_flip,0.2,0.5,13,0.316,2.195811553955078,0.20396689448765076,2,0,1.0,0.0,58.08040000005121,10.229100000003655,4255120,790.4078000000254,2162,128,600,185040,276480,5760
mnist,tiny_cnn,pp_srsf_trust,sign_flip,0.2,0.5,14,0.112,2.347339782714844,0.022013103037522335,1,1,0.5,0.125,57.644299999992654,9.097900000028858,4255120,809.5399000000043,2162,128,600,185040,276480,5760
mnist,tiny_cnn,pp_srsf_trust,sign_flip,0.2,0.5,15,0.342,2.154496154785156,0.22485899376982407,2,0,1.0,0.0,62.14280000000372,10.666800000024068,4255120,821.6252000000281,2162,128,600,185040,276480,5760
mnist,tiny_cnn,pp_srsf,sign_flip,0.2,0.5,1,0.187,2.293620056152344,0.06475735442180605,2,0,1.0,0.0,8.046600000000126,8.883200000013858,4235920,428.84509999998954,2163,8,600,12240,17280,360
mnist,tiny_cnn,pp_srsf,sign_flip,0.2,0.5,2,0.2,2.28512744140625,0.06608629867388838,2,0,1.0,0.0,9.980299999995168,9.838000000002012,4235920,461.35879999997087,2163,8,600,12240,17280,360
mnist,tiny_cnn,pp_srsf,sign_flip,0.2,0.5,3,0.163,2.272598083496094,0.05958899338209683,2,0,1.0,0.0,9.130700000014258,11.710199999981796,4235920,448.8944000000288,2163,8,600,12240,17280,360
mnist,tiny_cnn,pp_srsf,sign_flip,0.2,0.5,4,0.192,2.252638671875,0.06747894004075584,2,0,1.0,0.0,9.264599999994516,9.273000000007414,4235920,437.6156000000151,2163,8,600,12240,17280,360
mnist,tiny_cnn,pp_srsf,sign_flip,0.2,0.5,5,0.116,2.2316800537109374,0.03448998178506375,2,0,1.0,0.0,8.184200000016517,9.430000000008931,4235920,435.33270000000357,2163,8,600,12240,17280,360
mnist,tiny_cnn,pp_srsf,sign_flip,0.2,0.5,6,0.366,2.1819407348632813,0.23436118730488217,2,0,1.0,0.0,9.37370000002602,9.564500000010412,4235920,428.77690000000257,2163,8,600,12240,17280,360
mnist,tiny_cnn,pp_srsf,sign_flip,0.2,0.5,7,0.43,2.099374786376953,0.31609930790463203,2,0,1.0,0.0,10.215899999991507,10.149599999977,4235920,431.82769999998527,2163,8,600,12240,17280,360
mnist,tiny_cnn,pp_srsf,sign_flip,0.2,0.5,8,0.208,2.030422332763672,0.1545558885260491,2,0,1.0,0.0,9.701800000016192,12.071300000002338,4235920,435.9067000000323,2163,8,600,12240,17280,360
mnist,tiny_cnn,pp_srsf,sign_flip,0.2,0.5,9,0.404,1.8742598571777345,0.359961915356569,2,0,1.0,0.0,9.519199999999728,13.23730000001433,4235920,429.8143000000323,2163,8,600,12240,17280,360
mnist,tiny_cnn,pp_srsf,sign_flip,0.2,0.5,10,0.584,1.6675067138671875,0.5121892110064209,2,0,1.0,0.0,9.106700000018009,10.483200000010129,4235920,439.4867999999974,2163,8,600,12240,17280,360
mnist,tiny_cnn,pp_srsf,sign_flip,0.2,0.5,11,0.598,1.5115591735839844,0.5415856467078872,2,0,1.0,0.0,7.361399999979312,9.07590000002756,4235920,429.12289999998166,2163,8,600,12240,17280,360
mnist,tiny_cnn,pp_srsf,sign_flip,0.2,0.5,12,0.651,1.3258384704589843,0.5984254960967502,2,0,1.0,0.0,7.910199999969336,10.210499999971034,4235920,440.39179999998623,2163,8,600,12240,17280,360
mnist,tiny_cnn,pp_srsf,sign_flip,0.2,0.5,13,0.689,1.1464366455078125,0.6396286444640794,2,0,1.0,0.0,9.350900000015372,11.93609999995715,4235920,433.7593000000197,2163,8,600,12240,17280,360
mnist,tiny_cnn,pp_srsf,sign_flip,0.2,0.5,14,0.671,1.078753677368164,0.632513041732562,2,0,1.0,0.0,8.527299999968818,9.357299999976476,4235920,429.42730000004303,2163,8,600,12240,17280,360
mnist,tiny_cnn,pp_srsf,sign_flip,0.2,0.5,15,0.696,0.9659544525146484,0.6675809253488847,2,0,1.0,0.0,11.630299999978888,12.364900000022772,4235920,433.29330000000255,2163,8,600,12240,17280,360
mnist,tiny_cnn,pp_srsf_trust,sign_flip,0.2,0.5,1,0.203,2.295757141113281,0.08333718929254302,1,1,0.5,0.125,11.322900000038771,10.086900000032983,4235920,742.8666000000135,2163,8,600,12240,17280,360
mnist,tiny_cnn,pp_srsf_trust,sign_flip,0.2,0.5,2,0.111,2.29427001953125,0.01998199819981998,1,1,0.5,0.125,8.741600000007566,9.623700000020108,4235920,775.7217000000196,2163,8,600,12240,17280,360
mnist,tiny_cnn,pp_srsf_trust,sign_flip,0.2,0.5,3,0.153,2.2925107421875,0.06303784693019344,1,1,0.5,0.125,9.612400000037269,10.541799999998602,4235920,734.2846999999892,2163,8,600,12240,17280,360
mnist,tiny_cnn,pp_srsf_trust,sign_flip,0.2,0.5,4,0.212,2.2932737426757814,0.07786749358936132,1,1,0.5,0.125,8.725499999968633,8.72900000001664,4235920,758.0563000000211,2163,8,600,12240,17280,360
mnist,tiny_cnn,pp_srsf_trust,sign_flip,0.2,0.5,5,0.206,2.2840497436523437,0.10553333333333334,2,0,1.0,0.0,9.68480000000227,10.416799999973136,4235920,757.102400000008,2163,8,600,12240,17280,360
mnist,tiny_cnn,pp_srsf_trust,sign_flip,0.2,0.5,6,0.237,2.2694561157226563,0.13606580116497927,2,0,1.0,0.0,10.657400000013695,11.142199999994773,4235920,753.9385000000038,2163,8,600,12240,17280,360
mnist,tiny_cnn,pp_srsf_trust,sign_flip,0.2,0.5,7,0.226,2.2993695068359377,0.10327894679160501,1,1,0.5,0.125,10.449300000004769,10.314400000027035,4235920,770.671899999968,2163,8,600,12240,17280,360
mnist,tiny_cnn,pp_srsf_trust,sign_flip,0.2,0.5,8,0.222,2.2411904907226563,0.11987816412800804,2,0,1.0,0.0,8.603999999991174,10.204899999962436,4235920,753.0902999999967,2163,8,600,12240,17280,360
mnist,tiny_cnn,pp_srsf_trust,sign_flip,0.2,0.5,9,0.292,2.199896423339844,0.1555472574781233,2,0,1.0,0.0,8.218400000032489,10.67280000000892,4235920,770.5477999999744,2163,8,600,12240,17280,360
mnist,tiny_cnn,pp_srsf_trust,sign_flip,0.2,0.5,10,0.116,2.251428527832031,0.028809730417679046,1,1,0.5,0.125,8.38179999999511,11.799700000040048,4235920,733.5959999999773,2163,8,600,12240,17280,360
mnist,tiny_cnn,pp_srsf_trust,sign_flip,0.2,0.5,11,0.375,2.1413355407714842,0.2789646912787235,2,0,1.0,0.0,8.172699999988708,8.784300000002077,4235920,756.04629999998,2163,8,600,12240,17280,360
mnist,tiny_cnn,pp_srsf_trust,sign_flip,0.2,0.5,12,0.446,2.05900830078125,0.324105099473629,2,0,1.0,0.0,10.806300000012925,11.965499999973872,4235920,756.8791999999576,2163,8,600,12240,17280,360
mnist,tiny_cnn,pp_srsf_trust,sign_flip,0.2,0.5,13,0.263,2.1700543518066406,0.14400862068965517,1,1,0.5,0.125,9.602400000005673,9.767199999998866,4235920,770.336900000018,2163,8,600,12240,17280,360
mnist,tiny_cnn,pp_srsf_trust,sign_flip,0.2,0.5,14,0.435,1.85568603515625,0.33992165765461513,2,0,1.0,0.0,9.292999999956919,11.368500000003223,4235920,775.0760999999784,2163,8,600,12240,17280,360
mnist,tiny_cnn,pp_srsf_trust,sign_flip,0.2,0.5,15,0.48,1.7134934997558593,0.40602486764733803,2,0,1.0,0.0,10.37959999996474,11.137799999971776,4235920,814.104699999973,2163,8,600,12240,17280,360
mnist,tiny_cnn,pp_srsf,sign_flip,0.2,0.5,1,0.187,2.293620056152344,0.06475735442180605,2,0,1.0,0.0,12.672399999985373,12.50190000001794,4237200,504.4789000000378,2163,16,600,23760,34560,720
mnist,tiny_cnn,pp_srsf,sign_flip,0.2,0.5,2,0.2,2.2851275634765624,0.06608629867388838,2,0,1.0,0.0,12.342199999977765,11.389100000030794,4237200,481.1566000000198,2163,16,600,23760,34560,720
mnist,tiny_cnn,pp_srsf,sign_flip,0.2,0.5,3,0.163,2.2725980224609375,0.05958899338209683,2,0,1.0,0.0,11.568400000044221,12.47849999998607,4237200,493.445099999974,2163,16,600,23760,34560,720
mnist,tiny_cnn,pp_srsf,sign_flip,0.2,0.5,4,0.192,2.252638671875,0.06747894004075584,2,0,1.0,0.0,12.081299999977091,10.27080000000069,4237200,494.49509999999464,2163,16,600,23760,34560,720
mnist,tiny_cnn,pp_srsf,sign_flip,0.2,0.5,5,0.116,2.231679931640625,0.03448998178506375,2,0,1.0,0.0,13.87360000001081,10.852999999997337,4237200,470.2368000000092,2163,16,600,23760,34560,720
mnist,tiny_cnn,pp_srsf,sign_flip,0.2,0.5,6,0.366,2.1819405212402345,0.23436118730488217,2,0,1.0,0.0,13.232899999991332,12.36519999997654,4237200,451.53080000000045,2163,16,600,23760,34560,720
mnist,tiny_cnn,pp_srsf,sign_flip,0.2,0.5,7,0.43,2.099374176025391,0.31609930790463203,2,0,1.0,0.0,10.781699999995453,9.862399999974514,4237200,472.4022000000332,2163,16,600,23760,34560,720
mnist,tiny_cnn,pp_srsf,sign_flip,0.2,0.5,8,0.208,2.0304214477539064,0.1545558885260491,2,0,1.0,0.0,12.641700000017408,10.349099999984901,4237200,458.8693000000035,2163,16,600,23760,34560,720
mnist,tiny_cnn,pp_srsf,sign_flip,0.2,0.5,9,0.404,1.874256103515625,0.359961915356569,2,0,1.0,0.0,12.394599999993261,9.786800000028961,4237200,437.61069999999336,2163,16,600,23760,34560,720
mnist,tiny_cnn,pp_srsf,sign_flip,0.2,0.5,10,0.585,1.6673573608398438,0.5139819423336005,2,0,1.0,0.0,12.013899999999467,13.010300000019015,4237200,484.0244000000098,2163,16,600,23760,34560,720
mnist,tiny_cnn,pp_srsf,sign_flip,0.2,0.5,11,0.598,1.5114832763671875,0.5413043384534351,2,0,1.0,0.0,13.902700000016921,11.687600000016118,4237200,496.52500000001965,2163,16,600,23760,34560,720
mnist,tiny_cnn,pp_srsf,sign_flip,0.2,0.5,12,0.651,1.3259613037109375,0.5984254960967502,2,0,1.0,0.0,14.181899999982761,12.447599999973136,4237200,487.017700000024,2163,16,600,23760,34560,720
mnist,tiny_cnn,pp_srsf,sign_flip,0.2,0.5,13,0.689,1.1467111206054688,0.6397872310051864,2,0,1.0,0.0,15.0288000000387,12.250099999960185,4237200,507.98400000002175,2163,16,600,23760,34560,720
mnist,tiny_cnn,pp_srsf,sign_flip,0.2,0.5,14,0.668,1.081197021484375,0.6288024635299776,2,0,1.0,0.0,14.1931999999656,11.796500000002652,4237200,505.2903999999785,2163,16,600,23760,34560,720
mnist,tiny_cnn,pp_srsf,sign_flip,0.2,0.5,15,0.694,0.9660115203857422,0.6656219048237066,2,0,1.0,0.0,11.931600000025355,9.605199999953129,4237200,504.4973999999911,2163,16,600,23760,34560,720
mnist,tiny_cnn,pp_srsf_trust,sign_flip,0.2,0.5,1,0.203,2.295757141113281,0.08333718929254302,1,1,0.5,0.125,13.056099999971593,11.379200000021683,4237200,830.4104000000052,2163,16,600,23760,34560,720
mnist,tiny_cnn,pp_srsf_trust,sign_flip,0.2,0.5,2,0.111,2.29427001953125,0.01998199819981998,1,1,0.5,0.125,11.701700000003257,11.185399999988022,4237200,812.9902999999672,2163,16,600,23760,34560,720
mnist,tiny_cnn,pp_srsf_trust,sign_flip,0.2,0.5,3,0.153,2.2925107421875,0.06303784693019344,1,1,0.5,0.125,14.041000000020176,10.457900000005793,4237200,781.4078000000109,2163,16,600,23760,34560,720
mnist,tiny_cnn,pp_srsf_trust,sign_flip,0.2,0.5,4,0.212,2.2932737426757814,0.07786749358936132,1,1,0.5,0.125,14.013800000043375,10.36239999996269,4237200,787.7057000000036,2163,16,600,23760,34560,720
mnist,tiny_cnn,pp_srsf_trust,sign_flip,0.2,0.5,5,0.206,2.2840497436523437,0.10553333333333334,2,0,1.0,0.0,13.123699999994187,10.984800000017003,4237200,766.6801999999961,2163,16,600,23760,34560,720
mnist,tiny_cnn,pp_srsf_trust,sign_flip,0.2,0.5,6,0.237,2.2694561767578123,0.13606580116497927,2,0,1.0,0.0,13.566400000001977,9.612099999969814,4237200,774.5335999999838,2163,16,600,23760,34560,720
mnist,tiny_cnn,pp_srsf_trust,sign_flip,0.2,0.5,7,0.226,2.29936962890625,0.10327894679160501,1,1,0.5,0.125,11.34970000003932,8.821199999999862,4237200,777.0788999999922,2163,16,600,23760,34560,720
mnist,tiny_cnn,pp_srsf_trust,sign_flip,0.2,0.5,8,0.222,2.2411893310546875,0.11987816412800804,2,0,1.0,0.0,12.80560000003561,9.435099999961949,4237200,783.5685000000012,2163,16,600,23760,34560,720
mnist,tiny_cnn,pp_srsf_trust,sign_flip,0.2,0.5,9,0.292,2.199894744873047,0.1555472574781233,2,0,1.0,0.0,13.744699999961085,9.193100000004506,4237200,777.0292000000154,2163,16,600,23760,34560,720
mnist,tiny_cnn,pp_srsf_trust,sign_flip,0.2,0.5,10,0.115,2.2516098022460938,0.02723197026022305,1,1,0.5,0.125,11.782299999993029,9.22310000004245,4237200,756.9115000000011,2163,16,600,23760,34560,720
mnist,tiny_cnn,pp_srsf_trust,sign_flip,0.2,0.5,11,0.375,2.1415011901855467,0.27901394509566757,2,0,1.0,0.0,14.536800000030325,12.232499999981883,4237200,759.9419000000012,2163,16,600,23760,34560,720
mnist,tiny_cnn,pp_srsf_trust,sign_flip,0.2,0.5,12,0.447,2.0590154418945312,0.32523384871902383,2,0,1.0,0.0,12.555700000007164,11.043299999982992,4237200,755.3128999999785,2163,16,600,23760,34560,720
mnist,tiny_cnn,pp_srsf_trust,sign_flip,0.2,0.5,13,0.262,2.16922314453125,0.14356011130109875,1,1,0.5,0.125,11.590699999999288,10.364499999980126,4237200,750.8017000000109,2163,16,600,23760,34560,720
mnist,tiny_cnn,pp_srsf_trust,sign_flip,0.2,0.5,14,0.433,1.8552973022460937,0.33750938535036973,2,0,1.0,0.0,13.695799999993596,9.63960000001407,4237200,762.0082999999909,2163,16,600,23760,34560,720
mnist,tiny_cnn,pp_srsf_trust,sign_flip,0.2,0.5,15,0.481,1.7134830322265624,0.4043502047281546,2,0,1.0,0.0,12.31630000000905,11.776700000041274,4237200,793.0797000000211,2163,16,600,23760,34560,720
mnist,tiny_cnn,pp_srsf,sign_flip,0.2,0.5,1,0.187,2.2936201171875,0.06475735442180605,2,0,1.0,0.0,19.123499999977867,11.519399999997404,4239760,453.8943999999674,2163,32,600,46800,69120,1440
mnist,tiny_cnn,pp_srsf,sign_flip,0.2,0.5,2,0.2,2.2851275634765624,0.06608629867388838,2,0,1.0,0.0,16.810700000007728,9.253999999998541,4239760,435.5130000000145,2163,32,600,46800,69120,1440
mnist,tiny_cnn,pp_srsf,sign_flip,0.2,0.5,3,0.163,2.27259814453125,0.05958899338209683,2,0,1.0,0.0,16.786599999988994,11.138899999991736,4239760,445.52749999996877,2163,32,600,46800,69120,1440
mnist,tiny_cnn,pp_srsf,sign_flip,0.2,0.5,4,0.192,2.252638671875,0.06747894004075584,2,0,1.0,0.0,19.069100000024264,10.755900000049223,4239760,436.87660000000506,2163,32,600,46800,69120,1440
mnist,tiny_cnn,pp_srsf,sign_flip,0.2,0.5,5,0.116,2.2316799926757813,0.03448998178506375,2,0,1.0,0.0,19.687900000008085,9.661600000015369,4239760,439.54519999999775,2163,32,600,46800,69120,1440
mnist,tiny_cnn,pp_srsf,sign_flip,0.2,0.5,6,0.366,2.181940856933594,0.23436118730488217,2,0,1.0,0.0,17.640799999981027,11.944700000015018,4239760,442.22650000000385,2163,32,600,46800,69120,1440
mnist,tiny_cnn,pp_srsf,sign_flip,0.2,0.5,7,0.43,2.099318328857422,0.31593040642444997,2,0,1.0,0.0,20.321099999989656,9.275699999989229,4239760,436.4767999999799,2163,32,600,46800,69120,1440
mnist,tiny_cnn,pp_srsf,sign_flip,0.2,0.5,8,0.208,2.030459045410156,0.1545558885260491,2,0,1.0,0.0,17.57300000002715,10.658900000009908,4239760,431.445999999994,2163,32,600,46800,69120,1440
mnist,tiny_cnn,pp_srsf,sign_flip,0.2,0.5,9,0.404,1.8743307189941407,0.359961915356569,2,0,1.0,0.0,17.5094999999601,11.353600000006736,4239760,430.8591000000206,2163,32,600,46800,69120,1440
mnist,tiny_cnn,pp_srsf,sign_flip,0.2,0.5,10,0.586,1.6671357421875,0.5147988765111908,2,0,1.0,0.0,18.48330000001397,11.212699999987308,4239760,433.41959999997925,2163,32,600,46800,69120,1440
mnist,tiny_cnn,pp_srsf,sign_flip,0.2,0.5,11,0.599,1.5114915466308594,0.5422163666884651,2,0,1.0,0.0,19.441000000028907,11.911499999996522,4239760,430.6353000000058,2163,32,600,46800,69120,1440
mnist,tiny_cnn,pp_srsf,sign_flip,0.2,0.5,12,0.652,1.32503662109375,0.599353249100321,2,0,1.0,0.0,22.352600000033362,11.023599999987255,4239760,456.7015000000083,2163,32,600,46800,69120,1440
mnist,tiny_cnn,pp_srsf,sign_flip,0.2,0.5,13,0.691,1.1463194885253907,0.6427649195578864,2,0,1.0,0.0,18.852100000003702,12.09739999995918,4239760,442.7961000000096,2163,32,600,46800,69120,1440
mnist,tiny_cnn,pp_srsf,sign_flip,0.2,0.5,14,0.66,1.0974321746826172,0.6221897081847007,2,0,1.0,0.0,21.81860000001734,10.754300000030526,4239760,447.12180000004764,2163,32,600,46800,69120,1440
mnist,tiny_cnn,pp_srsf,sign_flip,0.2,0.5,15,0.697,0.9649419860839844,0.6686560082985653,2,0,1.0,0.0,19.377200000008088,11.136399999998048,4239760,455.54399999997486,2163,32,600,46800,69120,1440
mnist,tiny_cnn,pp_srsf_trust,sign_flip,0.2,0.5,1,0.203,2.295757141113281,0.08333718929254302,1,1,0.5,0.125,18.542100000047412,9.90039999999226,4239760,761.4879999999857,2163,32,600,46800,69120,1440
mnist,tiny_cnn,pp_srsf_trust,sign_flip,0.2,0.5,2,0.111,2.29427001953125,0.01998199819981998,1,1,0.5,0.125,18.051000000014028,9.50030000001334,4239760,748.2643000000166,2163,32,600,46800,69120,1440
mnist,tiny_cnn,pp_srsf_trust,sign_flip,0.2,0.5,3,0.153,2.292510681152344,0.06303784693019344,1,1,0.5,0.125,20.905099999993126,10.022999999989679,4239760,754.5721000000185,2163,32,600,46800,69120,1440
mnist,tiny_cnn,pp_srsf_trust,sign_flip,0.2,0.5,4,0.212,2.2932737426757814,0.07786749358936132,1,1,0.5,0.125,19.778000000030715,9.281299999997827,4239760,819.5501000000149,2163,32,600,46800,69120,1440
mnist,tiny_cnn,pp_srsf_trust,sign_flip,0.2,0.5,5,0.206,2.2840496826171877,0.10553333333333334,2,0,1.0,0.0,20.25199999997085,10.781800000017938,4239760,788.3558000000335,2163,32,600,46800,69120,1440
mnist,tiny_cnn,pp_srsf_trust,sign_flip,0.2,0.5,6,0.237,2.2694559936523437,0.13606580116497927,2,0,1.0,0.0,17.155000000002474,9.269700000004377,4239760,749.542799999972,2163,32,600,46800,69120,1440
mnist,tiny_cnn,pp_srsf_trust,sign_flip,0.2,0.5,7,0.239,2.2500315551757812,0.14519591797439108,2,0,1.0,0.0,17.44869999998855,9.252099999969232,4239760,758.6932000000388,2163,32,600,46800,69120,1440
mnist,tiny_cnn,pp_srsf_trust,sign_flip,0.2,0.5,8,0.267,2.219991455078125,0.16457718352388304,2,0,1.0,0.0,19.01879999996936,11.901300000033643,4239760,762.4100999999541,2163,32,600,46800,69120,1440
mnist,tiny_cnn,pp_srsf_trust,sign_flip,0.2,0.5,9,0.238,2.2627278442382814,0.11595403122218242,1,1,0.5,0.125,18.999699999994846,11.148499999990236,4239760,763.002599999993,2163,32,600,46800,69120,1440
mnist,tiny_cnn,pp_srsf_trust,sign_flip,0.2,0.5,10,0.229,2.146671325683594,0.13521921906163076,2,0,1.0,0.0,17.938799999967614,9.30790000001025,4239760,772.5583999999799,2163,32,600,46800,69120,1440
mnist,tiny_cnn,pp_srsf_trust,sign_flip,0.2,0.5,11,0.241,2.2165812072753908,0.16207512966087897,1,1,0.5,0.125,17.061400000045523,9.234200000037163,4239760,775.364599999989,2163,32,600,46800,69120,1440
mnist,tiny_cnn,pp_srsf_trust,sign_flip,0.2,0.5,12,0.376,2.0759198608398437,0.2705086936778736,2,0,1.0,0.0,18.941999999981363,10.514400000033675,4239760,752.2920999999769,2163,32,600,46800,69120,1440
mnist,tiny_cnn,pp_srsf_trust,sign_flip,0.2,0.5,13,0.266,2.1502729797363282,0.14326070594500276,1,1,0.5,0.125,20.16609999998309,11.212399999976697,4239760,775.872100000015,2163,32,600,46800,69120,1440
mnist,tiny_cnn,pp_srsf_trust,sign_flip,0.2,0.5,14,0.396,1.8688970642089844,0.2873694024691177,2,0,1.0,0.0,16.83879999995952,9.562099999982365,4239760,766.4295000000152,2163,32,600,46800,69120,1440
mnist,tiny_cnn,pp_srsf_trust,sign_flip,0.2,0.5,15,0.477,1.7253479309082032,0.39438678685686046,2,0,1.0,0.0,20.191099999976814,11.720599999989645,4239760,768.9687999999819,2163,32,600,46800,69120,1440
mnist,tiny_cnn,pp_srsf,sign_flip,0.2,0.5,1,0.187,2.2936201171875,0.06475735442180605,2,0,1.0,0.0,32.231400000000576,10.247499999991305,4244880,458.3774000000176,2163,64,600,92880,138240,2880
mnist,tiny_cnn,pp_srsf,sign_flip,0.2,0.5,2,0.2,2.2851275634765624,0.06608629867388838,2,0,1.0,0.0,30.31280000004699,9.540000000015425,4244880,468.41349999999693,2163,64,600,92880,138240,2880
mnist,tiny_cnn,pp_srsf,sign_flip,0.2,0.5,3,0.163,2.27259765625,0.05958899338209683,2,0,1.0,0.0,30.947599999990416,9.76199999996652,4244880,453.1385999999884,2163,64,600,92880,138240,2880
mnist,tiny_cnn,pp_srsf,sign_flip,0.2,0.5,4,0.192,2.2526383666992187,0.06747894004075584,2,0,1.0,0.0,31.55540000000201,9.599600000001374,4244880,440.56089999997994,2163,64,600,92880,138240,2880
mnist,tiny_cnn,pp_srsf,sign_flip,0.2,0.5,5,0.116,2.231680969238281,0.03448998178506375,2,0,1.0,0.0,29.075700000021243,10.029699999961394,4244880,450.91110000004164,2163,64,600,92880,138240,2880
mnist,tiny_cnn,pp_srsf,sign_flip,0.2,0.5,6,0.366,2.181938995361328,0.23422537924110118,2,0,1.0,0.0,33.98630000003777,9.154700000010507,4244880,458.2489999999666,2163,64,600,92880,138240,2880
mnist,tiny_cnn,pp_srsf,sign_flip,0.2,0.5,7,0.43,2.0993765563964844,0.31609930790463203,2,0,1.0,0.0,27.660400000002028,9.1935999999464,4244880,447.18599999998787,2163,64,600,92880,138240,2880
mnist,tiny_cnn,pp_srsf,sign_flip,0.2,0.5,8,0.208,2.030421234130859,0.1545558885260491,2,0,1.0,0.0,30.442600000014863,11.780100000009952,4244880,460.71399999999585,2163,64,600,92880,138240,2880
mnist,tiny_cnn,pp_srsf,sign_flip,0.2,0.5,9,0.404,1.8742578735351563,0.359961915356569,2,0,1.0,0.0,28.512200000022858,9.33900000001131,4244880,450.14100000003054,2163,64,600,92880,138240,2880
mnist,tiny_cnn,pp_srsf,sign_flip,0.2,0.5,10,0.585,1.6673662109375,0.5139819423336005,2,0,1.0,0.0,33.27200000001085,10.503400000004603,4244880,452.0542000000205,2163,64,600,92880,138240,2880
mnist,tiny_cnn,pp_srsf,sign_flip,0.2,0.5,11,0.598,1.5114729919433594,0.5414786946293311,2,0,1.0,0.0,30.359999999973297,9.982999999976983,4244880,447.10250000002816,2163,64,600,92880,138240,2880
mnist,tiny_cnn,pp_srsf,sign_flip,0.2,0.5,12,0.651,1.3249747314453124,0.598230043638948,2,0,1.0,0.0,32.79739999999265,9.518600000035349,4244880,449.97449999999617,2163,64,600,92880,138240,2880
mnist,tiny_cnn,pp_srsf,sign_flip,0.2,0.5,13,0.69,1.146467071533203,0.6407230558764025,2,0,1.0,0.0,31.667700000014065,10.016899999982343,4244880,444.3238999999721,2163,64,600,92880,138240,2880
mnist,tiny_cnn,pp_srsf,sign_flip,0.2,0.5,14,0.66,1.0932826385498047,0.622370538037698,2,0,1.0,0.0,31.547400000022208,10.093299999994088,4244880,438.4526999999707,2163,64,600,92880,138240,2880
mnist,tiny_cnn,pp_srsf,sign_flip,0.2,0.5,15,0.696,0.9649036560058594,0.6675950187130978,2,0,1.0,0.0,32.14259999998603,9.99130000002424,4244880,450.3069000000437,2163,64,600,92880,138240,2880
mnist,tiny_cnn,pp_srsf_trust,sign_flip,0.2,0.5,1,0.203,2.295757141113281,0.08333718929254302,1,1,0.5,0.125,33.93269999997983,9.022299999969619,4244880,777.2770999999921,2163,64,600,92880,138240,2880
mnist,tiny_cnn,pp_srsf_trust,sign_flip,0.2,0.5,2,0.111,2.29427001953125,0.01998199819981998,1,1,0.5,0.125,30.21960000000945,11.954199999991033,4244880,784.8223000000303,2163,64,600,92880,138240,2880
mnist,tiny_cnn,pp_srsf_trust,sign_flip,0.2,0.5,3,0.153,2.292510681152344,0.06303784693019344,1,1,0.5,0.125,30.131200000028002,8.81880000002866,4244880,764.7428999999875,2163,64,600,92880,138240,2880
mnist,tiny_cnn,pp_srsf_trust,sign_flip,0.2,0.5,4,0.212,2.2932737426757814,0.07786749358936132,1,1,0.5,0.125,32.702900000003865,10.411900000008245,4244880,759.4389000000206,2163,64,600,92880,138240,2880
mnist,tiny_cnn,pp_srsf_trust,sign_flip,0.2,0.5,5,0.206,2.2840496826171877,0.10553333333333334,2,0,1.0,0.0,35.006999999950494,11.896600000000035,4244880,778.2085999999708,2163,64,600,92880,138240,2880
mnist,tiny_cnn,pp_srsf_trust,sign_flip,0.2,0.5,6,0.237,2.2694559936523437,0.13606580116497927,2,0,1.0,0.0,32.14980000001333,10.700900000017555,4244880,776.744199999996,2163,64,600,92880,138240,2880
mnist,tiny_cnn,pp_srsf_trust,sign_flip,0.2,0.5,7,0.239,2.2500315551757812,0.14519591797439108,2,0,1.0,0.0,28.5738999999694,11.104999999986376,4244880,792.3294000000283,2163,64,600,92880,138240,2880
mnist,tiny_cnn,pp_srsf_trust,sign_flip,0.2,0.5,8,0.267,2.219991455078125,0.16457718352388304,2,0,1.0,0.0,30.138699999952223,11.385200000006535,4244880,783.572300000003,2163,64,600,92880,138240,2880
mnist,tiny_cnn,pp_srsf_trust,sign_flip,0.2,0.5,9,0.238,2.2627278442382814,0.11595403122218242,1,1,0.5,0.125,30.072099999983948,11.180999999965024,4244880,767.1807999999487,2163,64,600,92880,138240,2880
mnist,tiny_cnn,pp_srsf_trust,sign_flip,0.2,0.5,10,0.229,2.146671325683594,0.13521921906163076,2,0,1.0,0.0,33.203500000013264,10.038600000029874,4244880,760.7302999999774,2163,64,600,92880,138240,2880
mnist,tiny_cnn,pp_srsf_trust,sign_flip,0.2,0.5,11,0.241,2.2165812072753908,0.16207512966087897,1,1,0.5,0.125,30.052200000000084,9.399299999984123,4244880,779.950700000029,2163,64,600,92880,138240,2880
mnist,tiny_cnn,pp_srsf_trust,sign_flip,0.2,0.5,12,0.376,2.0759198608398437,0.2705086936778736,2,0,1.0,0.0,29.726100000004863,10.032200000011926,4244880,772.5973999999951,2163,64,600,92880,138240,2880
mnist,tiny_cnn,pp_srsf_trust,sign_flip,0.2,0.5,13,0.266,2.1502729797363282,0.14326070594500276,1,1,0.5,0.125,30.617899999981546,12.163899999961814,4244880,770.6938999999693,2163,64,600,92880,138240,2880
mnist,tiny_cnn,pp_srsf_trust,sign_flip,0.2,0.5,14,0.396,1.8688970642089844,0.2873694024691177,2,0,1.0,0.0,28.110000000026503,12.056500000028336,4244880,767.714500000011,2163,64,600,92880,138240,2880
mnist,tiny_cnn,pp_srsf_trust,sign_flip,0.2,0.5,15,0.477,1.7253479309082032,0.39438678685686046,2,0,1.0,0.0,29.375000000015916,10.790999999983342,4244880,751.6582999999741,2163,64,600,92880,138240,2880
mnist,tiny_cnn,pp_srsf,sign_flip,0.2,0.5,1,0.187,2.293620056152344,0.06475735442180605,2,0,1.0,0.0,53.82540000005065,10.09449999997969,4255120,476.29110000002584,2163,128,600,185040,276480,5760
mnist,tiny_cnn,pp_srsf,sign_flip,0.2,0.5,2,0.2,2.285127624511719,0.06608629867388838,2,0,1.0,0.0,55.16229999994948,10.304200000007313,4255120,476.4663999999925,2163,128,600,185040,276480,5760
mnist,tiny_cnn,pp_srsf,sign_flip,0.2,0.5,3,0.163,2.272597595214844,0.05958899338209683,2,0,1.0,0.0,55.09340000003249,10.627199999987624,4255120,469.02370000003657,2163,128,600,185040,276480,5760
mnist,tiny_cnn,pp_srsf,sign_flip,0.2,0.5,4,0.192,2.2526381225585936,0.06747894004075584,2,0,1.0,0.0,54.23480000001746,11.500000000012278,4255120,505.7395000000042,2163,128,600,185040,276480,5760
mnist,tiny_cnn,pp_srsf,sign_flip,0.2,0.5,5,0.116,2.2316742553710935,0.03448998178506375,2,0,1.0,0.0,58.71719999998959,10.193000000015218,4255120,490.49760000002607,2163,128,600,185040,276480,5760
mnist,tiny_cnn,pp_srsf,sign_flip,0.2,0.5,6,0.366,2.181964111328125,0.2340337702230352,2,0,1.0,0.0,61.01939999996375,9.280900000021575,4255120,507.44230000003654,2163,128,600,185040,276480,5760
mnist,tiny_cnn,pp_srsf,sign_flip,0.2,0.5,7,0.43,2.099296600341797,0.31593040642444997,2,0,1.0,0.0,53.894899999988866,10.804399999983616,4255120,478.87709999997696,2163,128,600,185040,276480,5760
mnist,tiny_cnn,pp_srsf,sign_flip,0.2,0.5,8,0.208,2.030468963623047,0.1547976570036195,2,0,1.0,0.0,56.34539999999788,12.173599999982798,4255120,482.85479999998415,2163,128,600,185040,276480,5760
mnist,tiny_cnn,pp_srsf,sign_flip,0.2,0.5,9,0.404,1.8742881469726562,0.359961915356569,2,0,1.0,0.0,53.32110000000512,11.305400000026111,4255120,475.83869999999706,2163,128,600,185040,276480,5760
mnist,tiny_cnn,pp_srsf,sign_flip,0.2,0.5,10,0.586,1.667423828125,0.514099946784051,2,0,1.0,0.0,57.052100000021255,10.094600000002174,4255120,478.61169999998765,2163,128,600,185040,276480,5760
mnist,tiny_cnn,pp_srsf,sign_flip,0.2,0.5,11,0.598,1.511759002685547,0.5417353084426179,2,0,1.0,0.0,55.68660000000136,9.702199999992445,4255120,463.76280000004044,2163,128,600,185040,276480,5760
mnist,tiny_cnn,pp_srsf,sign_flip,0.2,0.5,12,0.651,1.3268558959960937,0.5986890341636462,2,0,1.0,0.0,57.93039999997518,9.701900000038677,4255120,473.67009999999254,2163,128,600,185040,276480,5760
mnist,tiny_cnn,pp_srsf,sign_flip,0.2,0.5,13,0.689,1.146464141845703,0.6397717657574009,2,0,1.0,0.0,55.71700000001556,10.102800000026946,4255120,479.8454000000447,2163,128,600,185040,276480,5760
mnist,tiny_cnn,pp_srsf,sign_flip,0.2,0.5,14,0.666,1.0865281677246095,0.627698444440889,2,0,1.0,0.0,55.03900000002204,12.277100000005703,4255120,475.7376000000022,2163,128,600,185040,276480,5760
mnist,tiny_cnn,pp_srsf,sign_flip,0.2,0.5,15,0.697,0.9646041107177734,0.6688826583077656,2,0,1.0,0.0,57.96459999999115,12.050299999998515,4255120,491.4011000000187,2163,128,600,185040,276480,5760
mnist,tiny_cnn,pp_srsf_trust,sign_flip,0.2,0.5,1,0.203,2.295757141113281,0.08333718929254302,1,1,0.5,0.125,60.67970000003697,12.146000000029744,4255120,790.1140000000169,2163,128,600,185040,276480,5760
mnist,tiny_cnn,pp_srsf_trust,sign_flip,0.2,0.5,2,0.111,2.29427001953125,0.01998199819981998,1,1,0.5,0.125,56.203199999970366,10.60130000001891,4255120,798.9886999999953,2163,128,600,185040,276480,5760
mnist,tiny_cnn,pp_srsf_trust,sign_flip,0.2,0.5,3,0.153,2.292510681152344,0.06303784693019344,1,1,0.5,0.125,56.332499999996344,11.731600000018716,4255120,794.9803000000202,2163,128,600,185040,276480,5760
mnist,tiny_cnn,pp_srsf_trust,sign_flip,0.2,0.5,4,0.212,2.2932737426757814,0.07786749358936132,1,1,0.5,0.125,56.85520000002953,10.462100000040664,4255120,815.3120000000058,2163,128,600,185040,276480,5760
mnist,tiny_cnn,pp_srsf_trust,sign_flip,0.2,0.5,5,0.206,2.2840496826171877,0.10553333333333334,2,0,1.0,0.0,56.11759999999322,9.159199999999146,4255120,790.4013000000418,2163,128,600,185040,276480,5760
mnist,tiny_cnn,pp_srsf_trust,sign_flip,0.2,0.5,6,0.237,2.2694559936523437,0.13606580116497927,2,0,1.0,0.0,57.495499999959065,12.108899999986988,4255120,805.3033000000482,2163,128,600,185040,276480,5760
mnist,tiny_cnn,pp_srsf_trust,sign_flip,0.2,0.5,7,0.239,2.2500315551757812,0.14519591797439108,2,0,1.0,0.0,60.16319999997677,9.617400000024645,4255120,779.5427000000359,2163,128,600,185040,276480,5760
mnist,tiny_cnn,pp_srsf_trust,sign_flip,0.2,0.5,8,0.267,2.219991455078125,0.16457718352388304,2,0,1.0,0.0,58.60699999999497,11.951199999998607,4255120,804.473900000005,2163,128,600,185040,276480,5760
mnist,tiny_cnn,pp_srsf_trust,sign_flip,0.2,0.5,9,0.238,2.2627278442382814,0.11595403122218242,1,1,0.5,0.125,59.01729999999361,11.474100000043563,4255120,803.8645999999972,2163,128,600,185040,276480,5760
mnist,tiny_cnn,pp_srsf_trust,sign_flip,0.2,0.5,10,0.229,2.146671325683594,0.13521921906163076,2,0,1.0,0.0,61.108699999977034,10.428799999999683,4255120,792.0680999999945,2163,128,600,185040,276480,5760
mnist,tiny_cnn,pp_srsf_trust,sign_flip,0.2,0.5,11,0.241,2.2165812072753908,0.16207512966087897,1,1,0.5,0.125,56.49290000002338,8.820099999979902,4255120,786.2682999999606,2163,128,600,185040,276480,5760
mnist,tiny_cnn,pp_srsf_trust,sign_flip,0.2,0.5,12,0.376,2.0759198608398437,0.2705086936778736,2,0,1.0,0.0,64.08119999997552,11.808699999960481,4255120,803.2532999999944,2163,128,600,185040,276480,5760
mnist,tiny_cnn,pp_srsf_trust,sign_flip,0.2,0.5,13,0.266,2.1502729797363282,0.14326070594500276,1,1,0.5,0.125,55.75469999996585,10.327200000006087,4255120,785.4340000000093,2163,128,600,185040,276480,5760
mnist,tiny_cnn,pp_srsf_trust,sign_flip,0.2,0.5,14,0.396,1.8688970642089844,0.2873694024691177,2,0,1.0,0.0,56.661399999995865,9.742700000003879,4255120,827.2785999999996,2163,128,600,185040,276480,5760
mnist,tiny_cnn,pp_srsf_trust,sign_flip,0.2,0.5,15,0.477,1.7253479309082032,0.39438678685686046,2,0,1.0,0.0,60.866299999986495,12.034199999959583,4255120,812.8480999999965,2163,128,600,185040,276480,5760
