dataset,model,method,attack_type,malicious_ratio,non_iid_alpha,round,test_accuracy,test_loss,macro_f1,detected_malicious,false_positive,true_positive_rate,false_positive_rate,crypto_time_ms,aggregation_time_ms,communication_bytes,total_round_time_ms,seed,sketch_dim,public_validation_samples,protocol_online_bytes,protocol_offline_bytes,secure_multiplications,fedgt_estimated_malicious,fedgt_positive_tests
fashion_mnist,tiny_cnn,fedavg,label_flip,0.2,0.5,1,0.093,2.2879392700195313,0.017017383348581886,0,0,0.0,0.0,0.0,0.26560000000586115,4234640,481.9269999999989,2221,32,600,0,0,0,,
fashion_mnist,tiny_cnn,fedavg,label_flip,0.2,0.5,2,0.093,2.255544860839844,0.017032967032967035,0,0,0.0,0.0,0.0,0.2578999999940379,4234640,438.46539999999834,2221,32,600,0,0,0,,
fashion_mnist,tiny_cnn,fedavg,label_flip,0.2,0.5,3,0.19,2.209546661376953,0.06256810984399437,0,0,0.0,0.0,0.0,0.2802000000059479,4234640,511.981299999988,2221,32,600,0,0,0,,
fashion_mnist,tiny_cnn,fedavg,label_flip,0.2,0.5,4,0.171,2.0901858825683592,0.09178299510818455,0,0,0.0,0.0,0.0,0.3374000000064825,4234640,413.39540000001307,2221,32,600,0,0,0,,
fashion_mnist,tiny_cnn,fedavg,label_flip,0.2,0.5,5,0.248,1.976274658203125,0.1599133288058674,0,0,0.0,0.0,0.0,0.2695999999957621,4234640,445.1511000000039,2221,32,600,0,0,0,,
fashion_mnist,tiny_cnn,fedavg,label_flip,0.2,0.5,6,0.299,1.9130382385253906,0.1734748534487658,0,0,0.0,0.0,0.0,0.2641000000096483,4234640,435.76270000001216,2221,32,600,0,0,0,,
fashion_mnist,tiny_cnn,fedavg,label_flip,0.2,0.5,7,0.311,1.7237914123535156,0.18762893948205184,0,0,0.0,0.0,0.0,0.3523000000029697,4234640,438.9975000000135,2221,32,600,0,0,0,,
fashion_mnist,tiny_cnn,fedavg,label_flip,0.2,0.5,8,0.408,1.6403730773925782,0.2928481998607958,0,0,0.0,0.0,0.0,0.2963999999963107,4234640,447.2675000000095,2221,32,600,0,0,0,,
fashion_mnist,tiny_cnn,fedavg,label_flip,0.2,0.5,9,0.429,1.5118251342773437,0.33969161283118143,0,0,0.0,0.0,0.0,0.320500000000834,4234640,455.1103000000012,2221,32,600,0,0,0,,
fashion_mnist,tiny_cnn,fedavg,label_flip,0.2,0.5,10,0.361,1.5126544189453126,0.25364152570942383,0,0,0.0,0.0,0.0,0.31870000000822074,4234640,473.6798999999934,2221,32,600,0,0,0,,
fashion_mnist,tiny_cnn,pp_srsf,label_flip,0.2,0.5,1,0.105,2.2956453857421875,0.03823285763433064,0,2,0.0,0.25,19.00600000000452,10.509599999991792,4239760,467.5390999999962,2221,32,600,46800,69120,1440,,
fashion_mnist,tiny_cnn,pp_srsf,label_flip,0.2,0.5,2,0.094,2.2770093994140623,0.017184643510054845,0,2,0.0,0.25,18.597299999996153,10.599999999996612,4239760,531.5050999999897,2221,32,600,46800,69120,1440,,
fashion_mnist,tiny_cnn,pp_srsf,label_flip,0.2,0.5,3,0.112,2.283123352050781,0.02014388489208633,0,2,0.0,0.25,19.175099999998224,11.314099999992777,4239760,451.07139999998935,2221,32,600,46800,69120,1440,,
fashion_mnist,tiny_cnn,pp_srsf,label_flip,0.2,0.5,4,0.142,2.2281023864746095,0.04978468104458554,1,1,0.5,0.125,18.02170000000558,11.872800000006123,4239760,449.7113999999982,2221,32,600,46800,69120,1440,,
fashion_mnist,tiny_cnn,pp_srsf,label_flip,0.2,0.5,5,0.327,2.042378692626953,0.20827093021874368,1,1,0.5,0.125,16.98790000000372,9.558699999999476,4239760,470.3569999999928,2221,32,600,46800,69120,1440,,
fashion_mnist,tiny_cnn,pp_srsf,label_flip,0.2,0.5,6,0.362,1.851469024658203,0.2501339129984025,1,1,0.5,0.125,16.319800000005102,11.038600000006227,4239760,460.8273000000054,2221,32,600,46800,69120,1440,,
fashion_mnist,tiny_cnn,pp_srsf,label_flip,0.2,0.5,7,0.359,1.7004340209960938,0.2740805861556729,1,1,0.5,0.125,18.409800000000587,9.712299999989682,4239760,478.89109999999846,2221,32,600,46800,69120,1440,,
fashion_mnist,tiny_cnn,pp_srsf,label_flip,0.2,0.5,8,0.383,1.625547393798828,0.2893674481515104,1,1,0.5,0.125,16.27820000000213,10.205299999995532,4239760,502.3876000000058,2221,32,600,46800,69120,1440,,
fashion_mnist,tiny_cnn,pp_srsf,label_flip,0.2,0.5,9,0.446,1.4565169982910156,0.33273560539713576,1,1,0.5,0.125,16.65540000000476,9.157200000004195,4239760,479.6194999999983,2221,32,600,46800,69120,1440,,
fashion_mnist,tiny_cnn,pp_srsf,label_flip,0.2,0.5,10,0.347,1.397423095703125,0.2465218795637159,2,0,1.0,0.0,18.956799999997997,11.746899999991456,4239760,458.28790000000197,2221,32,600,46800,69120,1440,,
fashion_mnist,tiny_cnn,pp_srsf_trust,label_flip,0.2,0.5,1,0.105,2.2956453247070314,0.03823285763433064,0,2,0.0,0.25,18.79099999999312,9.499699999992117,4239760,815.1262999999886,2221,32,600,46800,69120,1440,,
fashion_mnist,tiny_cnn,pp_srsf_trust,label_flip,0.2,0.5,2,0.176,2.2948700561523436,0.06783992560604324,0,2,0.0,0.25,18.33359999999118,10.46010000000308,4239760,844.3566999999916,2221,32,600,46800,69120,1440,,
fashion_mnist,tiny_cnn,pp_srsf_trust,label_flip,0.2,0.5,3,0.264,2.258267517089844,0.18636749304251293,0,2,0.0,0.25,20.622000000003027,10.893300000006434,4239760,848.984999999999,2221,32,600,46800,69120,1440,,
fashion_mnist,tiny_cnn,pp_srsf_trust,label_flip,0.2,0.5,4,0.27,2.178108367919922,0.15074271005535925,0,2,0.0,0.25,18.061099999997055,10.13939999999991,4239760,792.1362000000016,2221,32,600,46800,69120,1440,,
fashion_mnist,tiny_cnn,pp_srsf_trust,label_flip,0.2,0.5,5,0.263,2.0131092834472657,0.13286628076370993,0,2,0.0,0.25,18.22090000000287,11.749000000008891,4239760,789.462400000005,2221,32,600,46800,69120,1440,,
fashion_mnist,tiny_cnn,pp_srsf_trust,label_flip,0.2,0.5,6,0.366,1.8678936767578125,0.23896477334899902,1,1,0.5,0.125,21.02299999999957,11.456999999992945,4239760,781.1051000000049,2221,32,600,46800,69120,1440,,
fashion_mnist,tiny_cnn,pp_srsf_trust,label_flip,0.2,0.5,7,0.424,1.7175296630859376,0.33529432169510853,1,1,0.5,0.125,22.26840000000152,13.823799999997277,4239760,807.8272999999996,2221,32,600,46800,69120,1440,,
fashion_mnist,tiny_cnn,pp_srsf_trust,label_flip,0.2,0.5,8,0.421,1.600369171142578,0.3170299546407361,1,1,0.5,0.125,19.165899999990188,11.708999999996195,4239760,841.0890999999907,2221,32,600,46800,69120,1440,,
fashion_mnist,tiny_cnn,pp_srsf_trust,label_flip,0.2,0.5,9,0.433,1.5148936767578125,0.3344395789078462,1,1,0.5,0.125,20.33249999999498,10.79740000000129,4239760,856.3120000000026,2221,32,600,46800,69120,1440,,
fashion_mnist,tiny_cnn,pp_srsf_trust,label_flip,0.2,0.5,10,0.476,1.421302490234375,0.3917297593638951,1,1,0.5,0.125,21.491799999992622,10.100600000001236,4239760,814.0216000000038,2221,32,600,46800,69120,1440,,
fashion_mnist,tiny_cnn,fedgt_nhat,label_flip,0.2,0.5,1,0.113,2.293160095214844,0.048336633385184576,0,2,0.0,0.25,0.0,364.12279999998987,20326272,1142.513000000008,2221,32,600,20326272,0,0,2,6
fashion_mnist,tiny_cnn,fedgt_nhat,label_flip,0.2,0.5,2,0.274,2.271654846191406,0.1296888573007976,2,1,1.0,0.125,0.0,364.1822000000019,19902808,1143.9436,2221,32,600,19902808,0,0,3,7
fashion_mnist,tiny_cnn,fedgt_nhat,label_flip,0.2,0.5,3,0.284,2.188089874267578,0.13261559731512815,1,2,0.5,0.25,0.0,363.5407000000015,19902808,1146.6138000000115,2221,32,600,19902808,0,0,3,7
fashion_mnist,tiny_cnn,fedgt_nhat,label_flip,0.2,0.5,4,0.292,2.088942901611328,0.167232882116158,1,2,0.5,0.25,0.0,374.6716999999933,19902808,1206.4550999999994,2221,32,600,19902808,0,0,3,7
fashion_mnist,tiny_cnn,fedgt_nhat,label_flip,0.2,0.5,5,0.453,1.849924591064453,0.35676977499522006,2,1,1.0,0.125,0.0,361.75219999999797,19902808,1122.0189999999945,2221,32,600,19902808,0,0,3,7
fashion_mnist,tiny_cnn,fedgt_nhat,label_flip,0.2,0.5,6,0.334,1.7320290222167969,0.22544691404158668,0,0,0.0,0.0,0.0,368.291499999998,21173200,1162.5203000000113,2221,32,600,21173200,0,0,0,3
fashion_mnist,tiny_cnn,fedgt_nhat,label_flip,0.2,0.5,7,0.384,1.6383871459960937,0.2719010898591955,0,2,0.0,0.25,0.0,364.31470000000843,20326272,1138.9020000000016,2221,32,600,20326272,0,0,2,5
fashion_mnist,tiny_cnn,fedgt_nhat,label_flip,0.2,0.5,8,0.376,1.6144703063964845,0.26089063570652965,1,2,0.5,0.25,0.0,378.2350999999977,19902808,1161.0136999999982,2221,32,600,19902808,0,0,3,7
fashion_mnist,tiny_cnn,fedgt_nhat,label_flip,0.2,0.5,9,0.528,1.4760171203613281,0.4921963466416243,1,2,0.5,0.25,0.0,378.67049999999836,19902808,1202.6857999999975,2221,32,600,19902808,0,0,3,7
fashion_mnist,tiny_cnn,fedgt_nhat,label_flip,0.2,0.5,10,0.518,1.3548403015136719,0.4231830997790446,1,1,0.5,0.125,0.0,362.10909999999785,20326272,1123.302499999994,2221,32,600,20326272,0,0,2,6
fashion_mnist,tiny_cnn,fedavg,label_flip,0.2,0.5,1,0.15,2.297074279785156,0.05606980321266035,0,0,0.0,0.0,0.0,0.5302000000000362,4234640,554.2824000000053,2222,32,600,0,0,0,,
fashion_mnist,tiny_cnn,fedavg,label_flip,0.2,0.5,2,0.188,2.2760615844726564,0.07593129994450139,0,0,0.0,0.0,0.0,0.304900000003272,4234640,431.14690000000166,2222,32,600,0,0,0,,
fashion_mnist,tiny_cnn,fedavg,label_flip,0.2,0.5,3,0.279,2.2379196166992186,0.18039790592720784,0,0,0.0,0.0,0.0,0.2515999999985752,4234640,466.6939000000099,2222,32,600,0,0,0,,
fashion_mnist,tiny_cnn,fedavg,label_flip,0.2,0.5,4,0.205,2.163959564208984,0.09628658265418107,0,0,0.0,0.0,0.0,0.25220000000558684,4234640,421.13830000000974,2222,32,600,0,0,0,,
fashion_mnist,tiny_cnn,fedavg,label_flip,0.2,0.5,5,0.316,2.080201141357422,0.2089802432928715,0,0,0.0,0.0,0.0,0.5414000000030228,4234640,458.9600000000047,2222,32,600,0,0,0,,
fashion_mnist,tiny_cnn,fedavg,label_flip,0.2,0.5,6,0.369,1.9127664184570312,0.26080240958040335,0,0,0.0,0.0,0.0,0.3174999999941974,4234640,547.0783000000097,2222,32,600,0,0,0,,
fashion_mnist,tiny_cnn,fedavg,label_flip,0.2,0.5,7,0.387,1.7798109130859374,0.2984389874034225,0,0,0.0,0.0,0.0,0.3837999999944941,4234640,468.99489999999844,2222,32,600,0,0,0,,
fashion_mnist,tiny_cnn,fedavg,label_flip,0.2,0.5,8,0.359,1.6345132751464844,0.2598927284412068,0,0,0.0,0.0,0.0,0.44579999999427855,4234640,444.41620000000626,2222,32,600,0,0,0,,
fashion_mnist,tiny_cnn,fedavg,label_flip,0.2,0.5,9,0.411,1.5299174499511718,0.3216131468061442,0,0,0.0,0.0,0.0,0.3525999999993701,4234640,452.92469999999696,2222,32,600,0,0,0,,
fashion_mnist,tiny_cnn,fedavg,label_flip,0.2,0.5,10,0.431,1.4634420166015625,0.3331351266948469,0,0,0.0,0.0,0.0,0.2592000000021244,4234640,477.1793000000031,2222,32,600,0,0,0,,
fashion_mnist,tiny_cnn,pp_srsf,label_flip,0.2,0.5,1,0.097,2.3033291015625,0.03670155162005355,0,2,0.0,0.25,18.539099999998143,12.089399999993589,4239760,513.4469000000053,2222,32,600,46800,69120,1440,,
fashion_mnist,tiny_cnn,pp_srsf,label_flip,0.2,0.5,2,0.126,2.307931945800781,0.03662511984659635,0,2,0.0,0.25,19.04129999999782,13.599600000006262,4239760,621.0751999999928,2222,32,600,46800,69120,1440,,
fashion_mnist,tiny_cnn,pp_srsf,label_flip,0.2,0.5,3,0.124,2.322439453125,0.04027573303889094,0,2,0.0,0.25,19.411800000000312,10.549800000006826,4239760,500.5621999999903,2222,32,600,46800,69120,1440,,
fashion_mnist,tiny_cnn,pp_srsf,label_flip,0.2,0.5,4,0.188,2.313842224121094,0.10474100526576435,0,2,0.0,0.25,19.158200000006786,12.554600000001415,4239760,560.1197999999954,2222,32,600,46800,69120,1440,,
fashion_mnist,tiny_cnn,pp_srsf,label_flip,0.2,0.5,5,0.102,2.332428527832031,0.018511796733212342,0,2,0.0,0.25,17.397799999997687,9.073299999997175,4239760,449.1234999999989,2222,32,600,46800,69120,1440,,
fashion_mnist,tiny_cnn,pp_srsf,label_flip,0.2,0.5,6,0.291,2.229374755859375,0.20271022148640508,0,2,0.0,0.25,16.997400000008156,11.642299999991224,4239760,529.5088000000021,2222,32,600,46800,69120,1440,,
fashion_mnist,tiny_cnn,pp_srsf,label_flip,0.2,0.5,7,0.259,2.1448095703125,0.1585791742901385,0,2,0.0,0.25,17.234399999992434,10.043100000004301,4239760,449.8583000000025,2222,32,600,46800,69120,1440,,
fashion_mnist,tiny_cnn,pp_srsf,label_flip,0.2,0.5,8,0.358,1.9184898071289063,0.2627707396639842,1,1,0.5,0.125,16.04879999999298,10.430200000001832,4239760,474.7988000000021,2222,32,600,46800,69120,1440,,
fashion_mnist,tiny_cnn,pp_srsf,label_flip,0.2,0.5,9,0.49,1.7576680603027344,0.42040660351653303,1,1,0.5,0.125,17.464999999987185,9.382900000005634,4239760,472.1455999999904,2222,32,600,46800,69120,1440,,
fashion_mnist,tiny_cnn,pp_srsf,label_flip,0.2,0.5,10,0.441,1.6509244079589844,0.3568130644627673,1,1,0.5,0.125,20.78790000000197,11.04010000000244,4239760,459.294799999995,2222,32,600,46800,69120,1440,,
fashion_mnist,tiny_cnn,pp_srsf_trust,label_flip,0.2,0.5,1,0.097,2.3033291015625,0.03670155162005355,0,2,0.0,0.25,20.606499999999528,11.522299999995766,4239760,801.2450999999885,2222,32,600,46800,69120,1440,,
fashion_mnist,tiny_cnn,pp_srsf_trust,label_flip,0.2,0.5,2,0.13,2.307465576171875,0.040418709495632574,0,2,0.0,0.25,19.090099999999666,11.990699999998355,4239760,853.6504000000065,2222,32,600,46800,69120,1440,,
fashion_mnist,tiny_cnn,pp_srsf_trust,label_flip,0.2,0.5,3,0.114,2.307548156738281,0.027920294856169516,0,2,0.0,0.25,19.62249999999699,9.77269999999919,4239760,824.0313999999955,2222,32,600,46800,69120,1440,,
fashion_mnist,tiny_cnn,pp_srsf_trust,label_flip,0.2,0.5,4,0.26,2.240600341796875,0.13196082975322504,0,2,0.0,0.25,17.454899999989948,9.097400000001699,4239760,791.8339000000003,2222,32,600,46800,69120,1440,,
fashion_mnist,tiny_cnn,pp_srsf_trust,label_flip,0.2,0.5,5,0.286,2.1883555603027345,0.1735934019035245,0,2,0.0,0.25,18.622000000007688,9.991599999992218,4239760,862.3241999999891,2222,32,600,46800,69120,1440,,
fashion_mnist,tiny_cnn,pp_srsf_trust,label_flip,0.2,0.5,6,0.29,2.0618536682128905,0.1784845523502511,0,2,0.0,0.25,19.449100000002773,10.173099999988722,4239760,812.106600000007,2222,32,600,46800,69120,1440,,
fashion_mnist,tiny_cnn,pp_srsf_trust,label_flip,0.2,0.5,7,0.322,1.9326431884765625,0.2358822029914705,0,2,0.0,0.25,19.378900000006638,9.481500000006804,4239760,810.7233000000065,2222,32,600,46800,69120,1440,,
fashion_mnist,tiny_cnn,pp_srsf_trust,label_flip,0.2,0.5,8,0.403,1.793631866455078,0.30377175163942943,0,2,0.0,0.25,17.677800000001298,10.633100000006834,4239760,793.5751999999923,2222,32,600,46800,69120,1440,,
fashion_mnist,tiny_cnn,pp_srsf_trust,label_flip,0.2,0.5,9,0.408,1.6854196472167968,0.3063619597282474,0,2,0.0,0.25,18.320400000007453,10.514400000005253,4239760,801.0608000000019,2222,32,600,46800,69120,1440,,
fashion_mnist,tiny_cnn,pp_srsf_trust,label_flip,0.2,0.5,10,0.42,1.49318310546875,0.3073995908520865,1,1,0.5,0.125,20.576399999995942,9.603299999994874,4239760,800.5720000000025,2222,32,600,46800,69120,1440,,
fashion_mnist,tiny_cnn,fedgt_nhat,label_flip,0.2,0.5,1,0.155,2.295315185546875,0.05245063571765367,1,1,0.5,0.125,0.0,366.3006999999965,20326272,1194.9745000000007,2222,32,600,20326272,0,0,2,6
fashion_mnist,tiny_cnn,fedgt_nhat,label_flip,0.2,0.5,2,0.216,2.2603446044921873,0.09283034726419041,2,1,1.0,0.125,0.0,367.09910000000434,19902808,1180.503999999999,2222,32,600,19902808,0,0,3,7
fashion_mnist,tiny_cnn,fedgt_nhat,label_flip,0.2,0.5,3,0.342,2.197466796875,0.21348939915721615,2,1,1.0,0.125,0.0,372.8310999999991,19902808,1162.0590999999934,2222,32,600,19902808,0,0,3,7
fashion_mnist,tiny_cnn,fedgt_nhat,label_flip,0.2,0.5,4,0.408,2.077223907470703,0.3003173430438955,1,2,0.5,0.25,0.0,390.5810000000116,19902808,1216.5746999999953,2222,32,600,19902808,0,0,3,7
fashion_mnist,tiny_cnn,fedgt_nhat,label_flip,0.2,0.5,5,0.319,1.9686176147460936,0.19761171032357475,0,0,0.0,0.0,0.0,390.16239999999414,21173200,1210.9385000000116,2222,32,600,21173200,0,0,0,1
fashion_mnist,tiny_cnn,fedgt_nhat,label_flip,0.2,0.5,6,0.435,1.7799089050292969,0.3236597280284418,1,2,0.5,0.25,0.0,409.5045999999911,19902808,1171.7729000000077,2222,32,600,19902808,0,0,3,7
fashion_mnist,tiny_cnn,fedgt_nhat,label_flip,0.2,0.5,7,0.401,1.650732208251953,0.28600297797035573,2,1,1.0,0.125,0.0,418.2273000000123,19902808,1333.1017000000145,2222,32,600,19902808,0,0,3,7
fashion_mnist,tiny_cnn,fedgt_nhat,label_flip,0.2,0.5,8,0.45,1.5124796142578125,0.362902146958358,1,2,0.5,0.25,0.0,383.8752999999997,19902808,1206.2594999999874,2222,32,600,19902808,0,0,3,7
fashion_mnist,tiny_cnn,fedgt_nhat,label_flip,0.2,0.5,9,0.483,1.380053955078125,0.4044809380288369,2,1,1.0,0.125,0.0,371.5858000000196,19902808,1229.7827000000154,2222,32,600,19902808,0,0,3,7
fashion_mnist,tiny_cnn,fedgt_nhat,label_flip,0.2,0.5,10,0.49,1.3103463134765625,0.40589371016849984,1,2,0.5,0.25,0.0,374.1995999999972,19902808,1198.163500000021,2222,32,600,19902808,0,0,3,7
fashion_mnist,tiny_cnn,fedavg,label_flip,0.2,0.5,1,0.202,2.3011129150390626,0.11216096167953157,0,0,0.0,0.0,0.0,0.28290000000197324,4234640,478.25050000000147,2223,32,600,0,0,0,,
fashion_mnist,tiny_cnn,fedavg,label_flip,0.2,0.5,2,0.171,2.288460144042969,0.06313697591206538,0,0,0.0,0.0,0.0,0.4045000000019172,4234640,511.5032999999869,2223,32,600,0,0,0,,
fashion_mnist,tiny_cnn,fedavg,label_flip,0.2,0.5,3,0.168,2.2666619873046874,0.062263859735769846,0,0,0.0,0.0,0.0,0.2576999999917007,4234640,548.8112999999828,2223,32,600,0,0,0,,
fashion_mnist,tiny_cnn,fedavg,label_flip,0.2,0.5,4,0.168,2.23248583984375,0.06154520594979705,0,0,0.0,0.0,0.0,0.2723000000059983,4234640,488.64280000000804,2223,32,600,0,0,0,,
fashion_mnist,tiny_cnn,fedavg,label_flip,0.2,0.5,5,0.226,2.1493296813964844,0.12049139237019695,0,0,0.0,0.0,0.0,0.41129999999611755,4234640,496.9350000000077,2223,32,600,0,0,0,,
fashion_mnist,tiny_cnn,fedavg,label_flip,0.2,0.5,6,0.264,1.9932003173828126,0.13586569884548966,0,0,0.0,0.0,0.0,0.2733999999975367,4234640,449.1402000000164,2223,32,600,0,0,0,,
fashion_mnist,tiny_cnn,fedavg,label_flip,0.2,0.5,7,0.335,1.834883575439453,0.2184749954151232,0,0,0.0,0.0,0.0,0.36779999999225765,4234640,434.4528999999966,2223,32,600,0,0,0,,
fashion_mnist,tiny_cnn,fedavg,label_flip,0.2,0.5,8,0.333,1.6910591125488281,0.23313188360498655,0,0,0.0,0.0,0.0,0.3452999999922213,4234640,472.05560000000446,2223,32,600,0,0,0,,
fashion_mnist,tiny_cnn,fedavg,label_flip,0.2,0.5,9,0.442,1.5387098083496094,0.36170493214088484,0,0,0.0,0.0,0.0,0.26489999999057545,4234640,440.52250000001436,2223,32,600,0,0,0,,
fashion_mnist,tiny_cnn,fedavg,label_flip,0.2,0.5,10,0.443,1.5112035522460938,0.37420455353660187,0,0,0.0,0.0,0.0,0.31430000001364533,4234640,478.27570000001174,2223,32,600,0,0,0,,
fashion_mnist,tiny_cnn,pp_srsf,label_flip,0.2,0.5,1,0.151,2.304074951171875,0.07001065042321418,0,2,0.0,0.25,22.613000000006878,11.754199999984394,4239760,543.4615000000065,2223,32,600,46800,69120,1440,,
fashion_mnist,tiny_cnn,pp_srsf,label_flip,0.2,0.5,2,0.144,2.297709167480469,0.06534571479268943,0,2,0.0,0.25,19.515300000023217,11.935399999998708,4239760,527.6624000000254,2223,32,600,46800,69120,1440,,
fashion_mnist,tiny_cnn,pp_srsf,label_flip,0.2,0.5,3,0.168,2.2898840942382814,0.06964728143973428,0,2,0.0,0.25,19.524300000000494,10.620200000005298,4239760,463.64959999999655,2223,32,600,46800,69120,1440,,
fashion_mnist,tiny_cnn,pp_srsf,label_flip,0.2,0.5,4,0.168,2.304201904296875,0.06274497612415439,0,2,0.0,0.25,21.373799999992116,11.848899999989726,4239760,527.8164000000061,2223,32,600,46800,69120,1440,,
fashion_mnist,tiny_cnn,pp_srsf,label_flip,0.2,0.5,5,0.178,2.3076090698242187,0.073934834579433,0,2,0.0,0.25,18.78030000000308,9.586100000007036,4239760,483.6003000000062,2223,32,600,46800,69120,1440,,
fashion_mnist,tiny_cnn,pp_srsf,label_flip,0.2,0.5,6,0.254,2.1754943237304687,0.11899022483578134,0,2,0.0,0.25,18.838399999992816,10.740499999997155,4239760,442.0251999999891,2223,32,600,46800,69120,1440,,
fashion_mnist,tiny_cnn,pp_srsf,label_flip,0.2,0.5,7,0.299,1.9617667236328125,0.19733921311963437,1,1,0.5,0.125,18.517300000013392,10.590800000016998,4239760,470.28570000000514,2223,32,600,46800,69120,1440,,
fashion_mnist,tiny_cnn,pp_srsf,label_flip,0.2,0.5,8,0.344,1.7167694396972657,0.22080024261629783,2,0,1.0,0.0,20.08499999999458,9.250399999984893,4239760,445.1291000000026,2223,32,600,46800,69120,1440,,
fashion_mnist,tiny_cnn,pp_srsf,label_flip,0.2,0.5,9,0.435,1.4950882263183594,0.3587213985301696,2,0,1.0,0.0,18.282099999993306,12.135699999987537,4239760,478.6617999999976,2223,32,600,46800,69120,1440,,
fashion_mnist,tiny_cnn,pp_srsf,label_flip,0.2,0.5,10,0.461,1.4172770385742188,0.37837641453333765,2,0,1.0,0.0,20.57549999997832,11.617699999987963,4239760,540.423699999991,2223,32,600,46800,69120,1440,,
fashion_mnist,tiny_cnn,pp_srsf_trust,label_flip,0.2,0.5,1,0.147,2.3043663330078124,0.05960832313341493,0,2,0.0,0.25,18.870899999996027,11.160399999994297,4239760,793.4872000000155,2223,32,600,46800,69120,1440,,
fashion_mnist,tiny_cnn,pp_srsf_trust,label_flip,0.2,0.5,2,0.168,2.3013364868164063,0.05750472722589408,0,2,0.0,0.25,20.253800000006095,19.61570000000279,4239760,842.3449000000005,2223,32,600,46800,69120,1440,,
fashion_mnist,tiny_cnn,pp_srsf_trust,label_flip,0.2,0.5,3,0.166,2.2940779418945314,0.08014789533560865,0,2,0.0,0.25,19.68890000000556,10.570300000011912,4239760,826.4979999999866,2223,32,600,46800,69120,1440,,
fashion_mnist,tiny_cnn,pp_srsf_trust,label_flip,0.2,0.5,4,0.148,2.285749328613281,0.08215110847854211,0,2,0.0,0.25,18.810999999999467,10.763699999984055,4239760,820.4038000000082,2223,32,600,46800,69120,1440,,
fashion_mnist,tiny_cnn,pp_srsf_trust,label_flip,0.2,0.5,5,0.233,2.2639878540039065,0.13501713507777352,0,2,0.0,0.25,18.902400000001762,9.782900000004702,4239760,811.6342000000145,2223,32,600,46800,69120,1440,,
fashion_mnist,tiny_cnn,pp_srsf_trust,label_flip,0.2,0.5,6,0.265,2.1213929748535154,0.14905495436156552,1,1,0.5,0.125,21.86499999999114,10.631200000005947,4239760,794.2595000000097,2223,32,600,46800,69120,1440,,
fashion_mnist,tiny_cnn,pp_srsf_trust,label_flip,0.2,0.5,7,0.284,1.9730777587890624,0.17657479954737498,1,1,0.5,0.125,17.72110000001703,10.3608999999949,4239760,792.6645000000008,2223,32,600,46800,69120,1440,,
fashion_mnist,tiny_cnn,pp_srsf_trust,label_flip,0.2,0.5,8,0.422,1.7165141906738282,0.31746244310371025,2,0,1.0,0.0,16.75909999997316,10.2999000000068,4239760,785.6821999999966,2223,32,600,46800,69120,1440,,
fashion_mnist,tiny_cnn,pp_srsf_trust,label_flip,0.2,0.5,9,0.417,1.6133816833496093,0.3238438405836199,1,1,0.5,0.125,19.393799999988914,10.203199999978096,4239760,790.1458999999988,2223,32,600,46800,69120,1440,,
fashion_mnist,tiny_cnn,pp_srsf_trust,label_flip,0.2,0.5,10,0.456,1.48162939453125,0.360082405706256,1,1,0.5,0.125,18.171800000004623,10.09339999998815,4239760,865.5664000000058,2223,32,600,46800,69120,1440,,
fashion_mnist,tiny_cnn,fedgt_nhat,label_flip,0.2,0.5,1,0.175,2.294548522949219,0.0894532119693994,2,1,1.0,0.125,0.0,364.69339999999306,19902808,1122.9303000000073,2223,32,600,19902808,0,0,3,7
fashion_mnist,tiny_cnn,fedgt_nhat,label_flip,0.2,0.5,2,0.248,2.270243835449219,0.14371471255619916,2,1,1.0,0.125,0.0,368.2368999999994,19902808,1143.1915999999944,2223,32,600,19902808,0,0,3,7
fashion_mnist,tiny_cnn,fedgt_nhat,label_flip,0.2,0.5,3,0.237,2.22563134765625,0.15011159736608054,2,1,1.0,0.125,0.0,359.73789999999894,19902808,1130.938499999985,2223,32,600,19902808,0,0,3,7
fashion_mnist,tiny_cnn,fedgt_nhat,label_flip,0.2,0.5,4,0.282,2.1088155822753905,0.17193699213341423,2,1,1.0,0.125,0.0,358.7936000000127,19902808,1138.4230000000173,2223,32,600,19902808,0,0,3,7
fashion_mnist,tiny_cnn,fedgt_nhat,label_flip,0.2,0.5,5,0.19,1.994025421142578,0.08522266313184632,1,2,0.5,0.25,0.0,378.12570000002665,19902808,1260.899600000016,2223,32,600,19902808,0,0,3,7
fashion_mnist,tiny_cnn,fedgt_nhat,label_flip,0.2,0.5,6,0.443,1.67330810546875,0.3583595226658074,2,1,1.0,0.125,0.0,355.2904999999953,19902808,1109.575499999977,2223,32,600,19902808,0,0,3,7
fashion_mnist,tiny_cnn,fedgt_nhat,label_flip,0.2,0.5,7,0.474,1.54115771484375,0.3935519894156921,1,0,0.5,0.0,0.0,387.5043999999832,20749736,1162.0315999999775,2223,32,600,20749736,0,0,1,4
fashion_mnist,tiny_cnn,fedgt_nhat,label_flip,0.2,0.5,8,0.432,1.4136184692382812,0.35707212053264903,2,1,1.0,0.125,0.0,377.02420000002235,19902808,1138.313199999999,2223,32,600,19902808,0,0,3,7
fashion_mnist,tiny_cnn,fedgt_nhat,label_flip,0.2,0.5,9,0.472,1.305588897705078,0.3873381606586418,1,2,0.5,0.25,0.0,374.59129999999163,19902808,1144.4718000000194,2223,32,600,19902808,0,0,3,7
fashion_mnist,tiny_cnn,fedgt_nhat,label_flip,0.2,0.5,10,0.491,1.3102176818847657,0.439181950044949,1,2,0.5,0.25,0.0,394.47280000001683,19902808,1196.5396000000226,2223,32,600,19902808,0,0,3,7
