dataset,model,method,attack_type,malicious_ratio,non_iid_alpha,round,test_accuracy,test_loss,macro_f1,detected_malicious,false_positive,true_positive_rate,false_positive_rate,crypto_time_ms,aggregation_time_ms,communication_bytes,total_round_time_ms,seed
mnist,tiny_cnn,fedavg,label_flip,0.0,0.5,1,0.165,2.2934873657226564,0.0817269467739502,0,0,0.0,0.0,0.0,0.3099999999998104,4234640,403.8708,2027
mnist,tiny_cnn,fedavg,label_flip,0.0,0.5,2,0.264,2.27788671875,0.13678440409747292,0,0,0.0,0.0,0.0,0.328800000000129,4234640,397.4382000000003,2027
mnist,tiny_cnn,fedavg,label_flip,0.0,0.5,3,0.308,2.254702880859375,0.17549245405637923,0,0,0.0,0.0,0.0,0.38250000000017437,4234640,413.5050000000002,2027
mnist,tiny_cnn,fedavg,label_flip,0.0,0.5,4,0.221,2.2199959106445313,0.11607377400344547,0,0,0.0,0.0,0.0,0.2743000000000606,4234640,418.5350000000003,2027
mnist,tiny_cnn,fedavg,label_flip,0.0,0.5,5,0.388,2.161958435058594,0.24124513350720425,0,0,0.0,0.0,0.0,0.32000000000032003,4234640,411.6444000000006,2027
mnist,tiny_cnn,fedavg,label_flip,0.0,0.5,6,0.485,2.078711669921875,0.3804260749213449,0,0,0.0,0.0,0.0,0.2588000000001145,4234640,404.91220000000004,2027
mnist,tiny_cnn,fedavg,label_flip,0.1,0.5,1,0.157,2.2940744018554686,0.06724019225499082,0,0,0.0,0.0,0.0,0.24530000000044794,4234640,401.10129999999964,2027
mnist,tiny_cnn,fedavg,label_flip,0.1,0.5,2,0.261,2.2814846801757813,0.15696971846640886,0,0,0.0,0.0,0.0,0.2712999999996413,4234640,390.8041999999998,2027
mnist,tiny_cnn,fedavg,label_flip,0.1,0.5,3,0.116,2.2668309936523436,0.03682539682539683,0,0,0.0,0.0,0.0,0.34000000000045105,4234640,407.1631,2027
mnist,tiny_cnn,fedavg,label_flip,0.1,0.5,4,0.111,2.24660107421875,0.02973003295701564,0,0,0.0,0.0,0.0,0.26499999999973767,4234640,400.3425000000007,2027
mnist,tiny_cnn,fedavg,label_flip,0.1,0.5,5,0.188,2.1994498901367185,0.10649059977660384,0,0,0.0,0.0,0.0,0.2687999999997359,4234640,381.11239999999924,2027
mnist,tiny_cnn,fedavg,label_flip,0.1,0.5,6,0.365,2.128158203125,0.22631785474146254,0,0,0.0,0.0,0.0,0.2708000000000155,4234640,385.0238000000008,2027
mnist,tiny_cnn,fedavg,label_flip,0.2,0.5,1,0.171,2.294919738769531,0.07888225459756389,0,0,0.0,0.0,0.0,0.27600000000038705,4234640,411.29470000000003,2027
mnist,tiny_cnn,fedavg,label_flip,0.2,0.5,2,0.209,2.2840574951171875,0.1371329244251445,0,0,0.0,0.0,0.0,0.27539999999959264,4234640,382.11140000000034,2027
mnist,tiny_cnn,fedavg,label_flip,0.2,0.5,3,0.13,2.2725924682617187,0.05419431958262255,0,0,0.0,0.0,0.0,0.562699999999694,4234640,393.6612999999989,2027
mnist,tiny_cnn,fedavg,label_flip,0.2,0.5,4,0.123,2.2573818969726562,0.045931070292724085,0,0,0.0,0.0,0.0,0.3033999999999537,4234640,387.2359000000003,2027
mnist,tiny_cnn,fedavg,label_flip,0.2,0.5,5,0.183,2.2215841674804686,0.09778333620838366,0,0,0.0,0.0,0.0,0.27719999999931133,4234640,388.0055000000002,2027
mnist,tiny_cnn,fedavg,label_flip,0.2,0.5,6,0.383,2.1631939392089845,0.27138732648798414,0,0,0.0,0.0,0.0,0.27080000000090365,4234640,383.8203,2027
mnist,tiny_cnn,fedavg,label_flip,0.3,0.5,1,0.142,2.2962680053710938,0.05732020121046575,0,0,0.0,0.0,0.0,0.25630000000020914,4234640,390.62339999999904,2027
mnist,tiny_cnn,fedavg,label_flip,0.3,0.5,2,0.119,2.2905406494140625,0.04307304079629889,0,0,0.0,0.0,0.0,0.3568999999998823,4234640,389.61699999999945,2027
mnist,tiny_cnn,fedavg,label_flip,0.3,0.5,3,0.104,2.292631408691406,0.01884057971014493,0,0,0.0,0.0,0.0,0.3179000000006482,4234640,378.3425000000005,2027
mnist,tiny_cnn,fedavg,label_flip,0.3,0.5,4,0.104,2.295963317871094,0.01884057971014493,0,0,0.0,0.0,0.0,0.31740000000013424,4234640,390.3415999999993,2027
mnist,tiny_cnn,fedavg,label_flip,0.3,0.5,5,0.136,2.285504821777344,0.06069330765527203,0,0,0.0,0.0,0.0,0.268500000000671,4234640,389.87679999999966,2027
mnist,tiny_cnn,fedavg,label_flip,0.3,0.5,6,0.244,2.234966796875,0.14601983812228675,0,0,0.0,0.0,0.0,0.3151999999992938,4234640,394.2118000000008,2027
mnist,tiny_cnn,fedavg,sign_flip,0.0,0.5,1,0.165,2.2934873657226564,0.0817269467739502,0,0,0.0,0.0,0.0,0.2823999999996829,4234640,443.22860000000117,2027
mnist,tiny_cnn,fedavg,sign_flip,0.0,0.5,2,0.264,2.27788671875,0.13678440409747292,0,0,0.0,0.0,0.0,0.29119999999949187,4234640,397.8610000000007,2027
mnist,tiny_cnn,fedavg,sign_flip,0.0,0.5,3,0.308,2.254702880859375,0.17549245405637923,0,0,0.0,0.0,0.0,0.24570000000068148,4234640,387.28290000000067,2027
mnist,tiny_cnn,fedavg,sign_flip,0.0,0.5,4,0.221,2.2199959106445313,0.11607377400344547,0,0,0.0,0.0,0.0,0.30770000000046593,4234640,384.27729999999906,2027
mnist,tiny_cnn,fedavg,sign_flip,0.0,0.5,5,0.388,2.161958435058594,0.24124513350720425,0,0,0.0,0.0,0.0,0.3195999999991983,4234640,390.01039999999955,2027
mnist,tiny_cnn,fedavg,sign_flip,0.0,0.5,6,0.485,2.078711669921875,0.3804260749213449,0,0,0.0,0.0,0.0,0.264800000000065,4234640,385.58559999999886,2027
mnist,tiny_cnn,fedavg,sign_flip,0.1,0.5,1,0.096,2.300446960449219,0.017518248175182483,0,0,0.0,0.0,0.0,0.2633000000002994,4234640,391.1860000000012,2027
mnist,tiny_cnn,fedavg,sign_flip,0.1,0.5,2,0.12,2.306080627441406,0.05552298814183364,0,0,0.0,0.0,0.0,0.3971000000007052,4234640,383.3687999999995,2027
mnist,tiny_cnn,fedavg,sign_flip,0.1,0.5,3,0.104,2.342484130859375,0.01884057971014493,0,0,0.0,0.0,0.0,0.2938999999990699,4234640,388.4784999999997,2027
mnist,tiny_cnn,fedavg,sign_flip,0.1,0.5,4,0.104,2.4675213623046877,0.01884057971014493,0,0,0.0,0.0,0.0,0.2943999999995839,4234640,389.0148,2027
mnist,tiny_cnn,fedavg,sign_flip,0.1,0.5,5,0.104,2.6788531494140626,0.01884057971014493,0,0,0.0,0.0,0.0,0.2577999999999747,4234640,383.69459999999833,2027
mnist,tiny_cnn,fedavg,sign_flip,0.1,0.5,6,0.141,2.9338665771484376,0.06574390815370197,0,0,0.0,0.0,0.0,0.2825999999984674,4234640,399.9442000000002,2027
mnist,tiny_cnn,fedavg,sign_flip,0.2,0.5,1,0.068,2.3054943237304686,0.02254759194048029,0,0,0.0,0.0,0.0,0.37139999999880047,4234640,390.00629999999956,2027
mnist,tiny_cnn,fedavg,sign_flip,0.2,0.5,2,0.106,2.3159594116210935,0.01927272727272727,0,0,0.0,0.0,0.0,0.31960000000097466,4234640,389.0567000000011,2027
mnist,tiny_cnn,fedavg,sign_flip,0.2,0.5,3,0.106,2.360979736328125,0.019168173598553346,0,0,0.0,0.0,0.0,0.2608000000030586,4234640,389.1166999999989,2027
mnist,tiny_cnn,fedavg,sign_flip,0.2,0.5,4,0.106,2.575826232910156,0.019168173598553346,0,0,0.0,0.0,0.0,0.30230000000130985,4234640,390.6029999999987,2027
mnist,tiny_cnn,fedavg,sign_flip,0.2,0.5,5,0.106,3.337204345703125,0.019168173598553346,0,0,0.0,0.0,0.0,0.30639999999948486,4234640,406.0622000000009,2027
mnist,tiny_cnn,fedavg,sign_flip,0.2,0.5,6,0.106,5.405244873046875,0.019168173598553346,0,0,0.0,0.0,0.0,0.3852999999978124,4234640,388.26700000000255,2027
mnist,tiny_cnn,fedavg,sign_flip,0.3,0.5,1,0.096,2.3096390991210938,0.017518248175182483,0,0,0.0,0.0,0.0,0.27530000000197674,4234640,392.4120000000002,2027
mnist,tiny_cnn,fedavg,sign_flip,0.3,0.5,2,0.096,2.325330810546875,0.017518248175182483,0,0,0.0,0.0,0.0,0.30429999999981305,4234640,399.5236999999996,2027
mnist,tiny_cnn,fedavg,sign_flip,0.3,0.5,3,0.13,2.411078857421875,0.04242424242424243,0,0,0.0,0.0,0.0,0.33280000000246446,4234640,399.78939999999955,2027
mnist,tiny_cnn,fedavg,sign_flip,0.3,0.5,4,0.104,3.2121580810546875,0.01884057971014493,0,0,0.0,0.0,0.0,0.2974000000008914,4234640,382.6,2027
mnist,tiny_cnn,fedavg,sign_flip,0.3,0.5,5,0.104,10.194462158203125,0.01884057971014493,0,0,0.0,0.0,0.0,0.2704999999991742,4234640,394.6409000000024,2027
mnist,tiny_cnn,fedavg,sign_flip,0.3,0.5,6,0.104,84.90601171875,0.01884057971014493,0,0,0.0,0.0,0.0,0.3341999999975087,4234640,387.183499999999,2027
mnist,tiny_cnn,fedavg,gaussian_noise,0.0,0.5,1,0.165,2.2934873657226564,0.0817269467739502,0,0,0.0,0.0,0.0,0.2518999999985283,4234640,389.08220000000074,2027
mnist,tiny_cnn,fedavg,gaussian_noise,0.0,0.5,2,0.264,2.27788671875,0.13678440409747292,0,0,0.0,0.0,0.0,0.421800000001582,4234640,392.9465999999984,2027
mnist,tiny_cnn,fedavg,gaussian_noise,0.0,0.5,3,0.308,2.254702880859375,0.17549245405637923,0,0,0.0,0.0,0.0,0.2798000000012735,4234640,396.50299999999913,2027
mnist,tiny_cnn,fedavg,gaussian_noise,0.0,0.5,4,0.221,2.2199959106445313,0.11607377400344547,0,0,0.0,0.0,0.0,0.27550000000076125,4234640,392.47349999999767,2027
mnist,tiny_cnn,fedavg,gaussian_noise,0.0,0.5,5,0.388,2.161958435058594,0.24124513350720425,0,0,0.0,0.0,0.0,0.2595999999996934,4234640,382.3606000000019,2027
mnist,tiny_cnn,fedavg,gaussian_noise,0.0,0.5,6,0.485,2.078711669921875,0.3804260749213449,0,0,0.0,0.0,0.0,0.27210000000010837,4234640,392.4569999999967,2027
mnist,tiny_cnn,fedavg,gaussian_noise,0.1,0.5,1,0.096,3.4164814453125,0.01756633119853614,0,0,0.0,0.0,0.0,0.3017999999990195,4234640,398.03960000000063,2027
mnist,tiny_cnn,fedavg,gaussian_noise,0.1,0.5,2,0.116,3.6691367797851564,0.06031862028432304,0,0,0.0,0.0,0.0,0.302999999998832,4234640,396.39999999999986,2027
mnist,tiny_cnn,fedavg,gaussian_noise,0.1,0.5,3,0.177,3.1428582153320312,0.13002588085430375,0,0,0.0,0.0,0.0,0.29270000000281016,4234640,385.559200000003,2027
mnist,tiny_cnn,fedavg,gaussian_noise,0.1,0.5,4,0.126,5.9064931640625,0.06040059494479209,0,0,0.0,0.0,0.0,0.4666000000028703,4234640,382.9976999999971,2027
mnist,tiny_cnn,fedavg,gaussian_noise,0.1,0.5,5,0.116,5.406903564453125,0.06521091140039693,0,0,0.0,0.0,0.0,0.2694999999981462,4234640,394.8754000000001,2027
mnist,tiny_cnn,fedavg,gaussian_noise,0.1,0.5,6,0.18,4.6455830078125,0.11202233959864136,0,0,0.0,0.0,0.0,0.3375000000005457,4234640,392.05600000000015,2027
mnist,tiny_cnn,fedavg,gaussian_noise,0.2,0.5,1,0.089,5.020756591796875,0.03316805199015647,0,0,0.0,0.0,0.0,0.3208000000007871,4234640,394.88710000000185,2027
mnist,tiny_cnn,fedavg,gaussian_noise,0.2,0.5,2,0.099,18.11222900390625,0.031831897222135815,0,0,0.0,0.0,0.0,0.3163000000014904,4234640,380.72090000000003,2027
mnist,tiny_cnn,fedavg,gaussian_noise,0.2,0.5,3,0.109,12.74398095703125,0.048550509156542174,0,0,0.0,0.0,0.0,0.3000999999969167,4234640,376.5304999999977,2027
mnist,tiny_cnn,fedavg,gaussian_noise,0.2,0.5,4,0.079,12.731701416015625,0.04561359317650154,0,0,0.0,0.0,0.0,0.3965999999984149,4234640,386.9383000000006,2027
mnist,tiny_cnn,fedavg,gaussian_noise,0.2,0.5,5,0.089,8.8404111328125,0.0737501074667494,0,0,0.0,0.0,0.0,0.2744000000021174,4234640,375.31979999999976,2027
mnist,tiny_cnn,fedavg,gaussian_noise,0.2,0.5,6,0.076,17.29452685546875,0.03862943932041736,0,0,0.0,0.0,0.0,0.3071999999981756,4234640,382.24890000000045,2027
mnist,tiny_cnn,fedavg,gaussian_noise,0.3,0.5,1,0.092,11.659271728515625,0.017116279069767443,0,0,0.0,0.0,0.0,0.306699999999438,4234640,390.1953999999996,2027
mnist,tiny_cnn,fedavg,gaussian_noise,0.3,0.5,2,0.12,29.63148046875,0.056472669153187105,0,0,0.0,0.0,0.0,0.267499999999643,4234640,391.77270000000067,2027
mnist,tiny_cnn,fedavg,gaussian_noise,0.3,0.5,3,0.085,37.0836708984375,0.03556617118852454,0,0,0.0,0.0,0.0,0.2648999999976809,4234640,374.42950000000155,2027
mnist,tiny_cnn,fedavg,gaussian_noise,0.3,0.5,4,0.123,22.85229052734375,0.08270257191667585,0,0,0.0,0.0,0.0,0.28740000000127,4234640,385.57580000000155,2027
mnist,tiny_cnn,fedavg,gaussian_noise,0.3,0.5,5,0.141,33.0085439453125,0.10031493446384984,0,0,0.0,0.0,0.0,0.28290000000197324,4234640,373.23669999999964,2027
mnist,tiny_cnn,fedavg,gaussian_noise,0.3,0.5,6,0.13,21.22395361328125,0.08385202636975143,0,0,0.0,0.0,0.0,0.25829999999871234,4234640,383.76119999999855,2027
mnist,tiny_cnn,trimmed_mean,label_flip,0.0,0.5,1,0.162,2.293962646484375,0.08050458014489356,0,0,0.0,0.0,0.0,3.542200000001827,4234640,395.3229,2027
mnist,tiny_cnn,trimmed_mean,label_flip,0.0,0.5,2,0.269,2.2794201049804688,0.1402751068474924,0,0,0.0,0.0,0.0,3.5221000000014158,4234640,387.7621999999974,2027
mnist,tiny_cnn,trimmed_mean,label_flip,0.0,0.5,3,0.336,2.2595325927734375,0.19267306463026243,0,0,0.0,0.0,0.0,3.562600000002192,4234640,391.92840000000115,2027
mnist,tiny_cnn,trimmed_mean,label_flip,0.0,0.5,4,0.22,2.230152282714844,0.10552244650064466,0,0,0.0,0.0,0.0,4.187199999996949,4234640,406.4641000000009,2027
mnist,tiny_cnn,trimmed_mean,label_flip,0.0,0.5,5,0.371,2.1793841857910157,0.24093752582710706,0,0,0.0,0.0,0.0,3.2783999999992375,4234640,393.228900000004,2027
mnist,tiny_cnn,trimmed_mean,label_flip,0.0,0.5,6,0.467,2.103266876220703,0.38967857058814764,0,0,0.0,0.0,0.0,3.0262999999948192,4234640,388.21180000000055,2027
mnist,tiny_cnn,trimmed_mean,label_flip,0.1,0.5,1,0.158,2.294464599609375,0.06078711088371906,0,0,0.0,0.0,0.0,3.6732000000014864,4234640,415.2592000000013,2027
mnist,tiny_cnn,trimmed_mean,label_flip,0.1,0.5,2,0.281,2.2820686645507813,0.17867130738210288,0,0,0.0,0.0,0.0,3.845699999999397,4234640,422.9580000000013,2027
mnist,tiny_cnn,trimmed_mean,label_flip,0.1,0.5,3,0.16,2.2685768432617186,0.08241716064650945,0,0,0.0,0.0,0.0,3.723399999998378,4234640,402.32180000000284,2027
mnist,tiny_cnn,trimmed_mean,label_flip,0.1,0.5,4,0.135,2.2516192016601564,0.059644642403263094,0,0,0.0,0.0,0.0,3.495799999996052,4234640,393.3244999999985,2027
mnist,tiny_cnn,trimmed_mean,label_flip,0.1,0.5,5,0.18,2.2138375854492187,0.09589479503069448,0,0,0.0,0.0,0.0,3.6708999999959246,4234640,401.62540000000035,2027
mnist,tiny_cnn,trimmed_mean,label_flip,0.1,0.5,6,0.361,2.150326599121094,0.22117864898477438,0,0,0.0,0.0,0.0,3.450700000001916,4234640,391.28800000000297,2027
mnist,tiny_cnn,trimmed_mean,label_flip,0.2,0.5,1,0.15,2.2956226806640627,0.06645766476433032,0,0,0.0,0.0,0.0,3.8296999999971604,4234640,393.71040000000335,2027
mnist,tiny_cnn,trimmed_mean,label_flip,0.2,0.5,2,0.241,2.285193664550781,0.155252921041875,0,0,0.0,0.0,0.0,3.459800000001678,4234640,393.92499999999586,2027
mnist,tiny_cnn,trimmed_mean,label_flip,0.2,0.5,3,0.165,2.275158020019531,0.08590755823001504,0,0,0.0,0.0,0.0,3.5725999999982605,4234640,393.7943999999973,2027
mnist,tiny_cnn,trimmed_mean,label_flip,0.2,0.5,4,0.127,2.2646361694335937,0.05074829242330161,0,0,0.0,0.0,0.0,3.7329000000028145,4234640,397.51520000000085,2027
mnist,tiny_cnn,trimmed_mean,label_flip,0.2,0.5,5,0.152,2.2430079956054687,0.07583732057416268,0,0,0.0,0.0,0.0,3.5634000000044352,4234640,395.91800000000177,2027
mnist,tiny_cnn,trimmed_mean,label_flip,0.2,0.5,6,0.235,2.1959183349609375,0.1352603026921535,0,0,0.0,0.0,0.0,3.6298999999999637,4234640,391.2721000000019,2027
mnist,tiny_cnn,trimmed_mean,label_flip,0.3,0.5,1,0.129,2.2974449462890627,0.049380181397645474,0,0,0.0,0.0,0.0,3.5026999999985264,4234640,382.7149999999975,2027
mnist,tiny_cnn,trimmed_mean,label_flip,0.3,0.5,2,0.136,2.2920046997070314,0.06233380251580713,0,0,0.0,0.0,0.0,3.3506999999985965,4234640,393.81689999999736,2027
mnist,tiny_cnn,trimmed_mean,label_flip,0.3,0.5,3,0.104,2.2922273559570314,0.01884057971014493,0,0,0.0,0.0,0.0,3.235099999997715,4234640,389.2369000000002,2027
mnist,tiny_cnn,trimmed_mean,label_flip,0.3,0.5,4,0.104,2.300144287109375,0.01884057971014493,0,0,0.0,0.0,0.0,3.666299999999012,4234640,383.57189999999974,2027
mnist,tiny_cnn,trimmed_mean,label_flip,0.3,0.5,5,0.104,2.3054410400390624,0.01884057971014493,0,0,0.0,0.0,0.0,3.4026000000011436,4234640,399.10989999999913,2027
mnist,tiny_cnn,trimmed_mean,label_flip,0.3,0.5,6,0.181,2.287137939453125,0.09524989239083648,0,0,0.0,0.0,0.0,3.6628999999948064,4234640,387.98140000000103,2027
mnist,tiny_cnn,trimmed_mean,sign_flip,0.0,0.5,1,0.162,2.293962646484375,0.08050458014489356,0,0,0.0,0.0,0.0,3.5499999999970555,4234640,392.55380000000173,2027
mnist,tiny_cnn,trimmed_mean,sign_flip,0.0,0.5,2,0.269,2.2794201049804688,0.1402751068474924,0,0,0.0,0.0,0.0,3.4381999999979485,4234640,396.2550000000036,2027
mnist,tiny_cnn,trimmed_mean,sign_flip,0.0,0.5,3,0.336,2.2595325927734375,0.19267306463026243,0,0,0.0,0.0,0.0,3.2983999999984803,4234640,382.4405000000013,2027
mnist,tiny_cnn,trimmed_mean,sign_flip,0.0,0.5,4,0.22,2.230152282714844,0.10552244650064466,0,0,0.0,0.0,0.0,3.384900000000357,4234640,394.3422000000041,2027
mnist,tiny_cnn,trimmed_mean,sign_flip,0.0,0.5,5,0.371,2.1793841857910157,0.24093752582710706,0,0,0.0,0.0,0.0,3.5083000000000197,4234640,384.6825999999979,2027
mnist,tiny_cnn,trimmed_mean,sign_flip,0.0,0.5,6,0.467,2.103266876220703,0.38967857058814764,0,0,0.0,0.0,0.0,3.332600000000241,4234640,395.49029999999874,2027
mnist,tiny_cnn,trimmed_mean,sign_flip,0.1,0.5,1,0.099,2.2956795043945313,0.026810054876969375,0,0,0.0,0.0,0.0,3.396799999997313,4234640,382.99700000000314,2027
mnist,tiny_cnn,trimmed_mean,sign_flip,0.1,0.5,2,0.228,2.2874439697265627,0.13291020698262979,0,0,0.0,0.0,0.0,3.7045999999989476,4234640,395.40720000000107,2027
mnist,tiny_cnn,trimmed_mean,sign_flip,0.1,0.5,3,0.18,2.281498596191406,0.0951893472906404,0,0,0.0,0.0,0.0,3.511100000004319,4234640,389.7277000000017,2027
mnist,tiny_cnn,trimmed_mean,sign_flip,0.1,0.5,4,0.145,2.282267028808594,0.06956726246472249,0,0,0.0,0.0,0.0,3.459800000001678,4234640,389.17820000000347,2027
mnist,tiny_cnn,trimmed_mean,sign_flip,0.1,0.5,5,0.193,2.2594530029296873,0.10371064018230296,0,0,0.0,0.0,0.0,4.025099999999782,4234640,397.423400000001,2027
mnist,tiny_cnn,trimmed_mean,sign_flip,0.1,0.5,6,0.26,2.2018492431640624,0.14850832825670224,0,0,0.0,0.0,0.0,4.1375000000059,4234640,382.43500000000097,2027
mnist,tiny_cnn,trimmed_mean,sign_flip,0.2,0.5,1,0.109,2.2984005126953124,0.04149522921065122,0,0,0.0,0.0,0.0,3.5775999999998476,4234640,387.9038000000037,2027
mnist,tiny_cnn,trimmed_mean,sign_flip,0.2,0.5,2,0.112,2.294052734375,0.027779655923672153,0,0,0.0,0.0,0.0,3.6400999999983696,4234640,389.11350000000056,2027
mnist,tiny_cnn,trimmed_mean,sign_flip,0.2,0.5,3,0.107,2.2965248413085937,0.02133250120997529,0,0,0.0,0.0,0.0,3.2202000000012276,4234640,391.1101000000059,2027
mnist,tiny_cnn,trimmed_mean,sign_flip,0.2,0.5,4,0.146,2.3129458618164063,0.04655434019521254,0,0,0.0,0.0,0.0,3.837799999999447,4234640,393.7281999999982,2027
mnist,tiny_cnn,trimmed_mean,sign_flip,0.2,0.5,5,0.13,2.3257332763671874,0.05415997664574514,0,0,0.0,0.0,0.0,3.877600000002701,4234640,388.8413999999969,2027
mnist,tiny_cnn,trimmed_mean,sign_flip,0.2,0.5,6,0.179,2.3122149658203126,0.10608618219311987,0,0,0.0,0.0,0.0,3.46550000000434,4234640,388.8245999999995,2027
mnist,tiny_cnn,trimmed_mean,sign_flip,0.3,0.5,1,0.096,2.3020042724609375,0.017518248175182483,0,0,0.0,0.0,0.0,3.53359999999725,4234640,389.69529999999963,2027
mnist,tiny_cnn,trimmed_mean,sign_flip,0.3,0.5,2,0.096,2.3029541015625,0.017518248175182483,0,0,0.0,0.0,0.0,3.473899999995922,4234640,398.2588000000007,2027
mnist,tiny_cnn,trimmed_mean,sign_flip,0.3,0.5,3,0.156,2.3199808349609374,0.052468887996788435,0,0,0.0,0.0,0.0,3.3862999999954013,4234640,407.75030000000356,2027
mnist,tiny_cnn,trimmed_mean,sign_flip,0.3,0.5,4,0.104,2.38715185546875,0.01908256880733945,0,0,0.0,0.0,0.0,3.5901999999978784,4234640,395.01449999999494,2027
mnist,tiny_cnn,trimmed_mean,sign_flip,0.3,0.5,5,0.104,2.497137451171875,0.01884057971014493,0,0,0.0,0.0,0.0,3.3932999999990443,4234640,395.46210000000315,2027
mnist,tiny_cnn,trimmed_mean,sign_flip,0.3,0.5,6,0.186,2.547542236328125,0.06720251097491145,0,0,0.0,0.0,0.0,3.412900000000718,4234640,383.7475999999995,2027
mnist,tiny_cnn,trimmed_mean,gaussian_noise,0.0,0.5,1,0.162,2.293962646484375,0.08050458014489356,0,0,0.0,0.0,0.0,3.5768000000047095,4234640,391.22199999999907,2027
mnist,tiny_cnn,trimmed_mean,gaussian_noise,0.0,0.5,2,0.269,2.2794201049804688,0.1402751068474924,0,0,0.0,0.0,0.0,3.46169999999546,4234640,396.84489999999784,2027
mnist,tiny_cnn,trimmed_mean,gaussian_noise,0.0,0.5,3,0.336,2.2595325927734375,0.19267306463026243,0,0,0.0,0.0,0.0,3.82630000000006,4234640,393.844399999999,2027
mnist,tiny_cnn,trimmed_mean,gaussian_noise,0.0,0.5,4,0.22,2.230152282714844,0.10552244650064466,0,0,0.0,0.0,0.0,3.6593999999965376,4234640,385.80830000000077,2027
mnist,tiny_cnn,trimmed_mean,gaussian_noise,0.0,0.5,5,0.371,2.1793841857910157,0.24093752582710706,0,0,0.0,0.0,0.0,3.9666999999994346,4234640,387.45349999999945,2027
mnist,tiny_cnn,trimmed_mean,gaussian_noise,0.0,0.5,6,0.467,2.103266876220703,0.38967857058814764,0,0,0.0,0.0,0.0,3.5572000000030357,4234640,394.1118999999986,2027
mnist,tiny_cnn,trimmed_mean,gaussian_noise,0.1,0.5,1,0.113,2.2936044921875,0.05040080791168102,0,0,0.0,0.0,0.0,3.764199999999107,4234640,388.00699999999466,2027
mnist,tiny_cnn,trimmed_mean,gaussian_noise,0.1,0.5,2,0.268,2.280458251953125,0.14119212670999506,0,0,0.0,0.0,0.0,3.460199999999247,4234640,394.2936000000046,2027
mnist,tiny_cnn,trimmed_mean,gaussian_noise,0.1,0.5,3,0.204,2.264225830078125,0.10099179456379707,0,0,0.0,0.0,0.0,3.673700000000224,4234640,400.48269999999775,2027
mnist,tiny_cnn,trimmed_mean,gaussian_noise,0.1,0.5,4,0.201,2.240377868652344,0.10385260929067577,0,0,0.0,0.0,0.0,4.314499999999555,4234640,393.1005999999968,2027
mnist,tiny_cnn,trimmed_mean,gaussian_noise,0.1,0.5,5,0.236,2.1912652587890626,0.13190925649942042,0,0,0.0,0.0,0.0,3.6492999999993003,4234640,388.9118000000025,2027
mnist,tiny_cnn,trimmed_mean,gaussian_noise,0.1,0.5,6,0.416,2.109919708251953,0.303874793042499,0,0,0.0,0.0,0.0,3.2037999999943167,4234640,390.1031000000046,2027
mnist,tiny_cnn,trimmed_mean,gaussian_noise,0.2,0.5,1,0.12,2.2939610595703126,0.06161229440106329,0,0,0.0,0.0,0.0,3.5067999999967014,4234640,388.4042999999977,2027
mnist,tiny_cnn,trimmed_mean,gaussian_noise,0.2,0.5,2,0.156,2.2816952514648436,0.06657306391196091,0,0,0.0,0.0,0.0,3.394300000003625,4234640,397.0091999999994,2027
mnist,tiny_cnn,trimmed_mean,gaussian_noise,0.2,0.5,3,0.131,2.266908996582031,0.056713657487651295,0,0,0.0,0.0,0.0,3.913199999999506,4234640,393.48490000000425,2027
mnist,tiny_cnn,trimmed_mean,gaussian_noise,0.2,0.5,4,0.123,2.246953430175781,0.045931070292724085,0,0,0.0,0.0,0.0,3.829799999998329,4234640,387.15089999999464,2027
mnist,tiny_cnn,trimmed_mean,gaussian_noise,0.2,0.5,5,0.237,2.204899963378906,0.15740246192455126,0,0,0.0,0.0,0.0,3.5083000000000197,4234640,407.1063999999964,2027
mnist,tiny_cnn,trimmed_mean,gaussian_noise,0.2,0.5,6,0.37,2.1288783569335936,0.27087880118539176,0,0,0.0,0.0,0.0,3.669600000002049,4234640,384.8754999999997,2027
mnist,tiny_cnn,trimmed_mean,gaussian_noise,0.3,0.5,1,0.099,2.295108642578125,0.02462319790301442,0,0,0.0,0.0,0.0,3.798699999997268,4234640,395.4197999999991,2027
mnist,tiny_cnn,trimmed_mean,gaussian_noise,0.3,0.5,2,0.121,2.285247802734375,0.03865892263316352,0,0,0.0,0.0,0.0,3.824000000001604,4234640,389.25540000000325,2027
mnist,tiny_cnn,trimmed_mean,gaussian_noise,0.3,0.5,3,0.104,2.278385437011719,0.01884057971014493,0,0,0.0,0.0,0.0,3.736999999993884,4234640,397.12020000000336,2027
mnist,tiny_cnn,trimmed_mean,gaussian_noise,0.3,0.5,4,0.104,2.274458068847656,0.01884057971014493,0,0,0.0,0.0,0.0,3.789199999999937,4234640,390.9948999999955,2027
mnist,tiny_cnn,trimmed_mean,gaussian_noise,0.3,0.5,5,0.104,2.2581873168945314,0.01884057971014493,0,0,0.0,0.0,0.0,3.565200000004154,4234640,389.8901999999964,2027
mnist,tiny_cnn,trimmed_mean,gaussian_noise,0.3,0.5,6,0.269,2.1950979614257813,0.1844069115120886,0,0,0.0,0.0,0.0,3.8508000000021525,4234640,389.56480000000226,2027
mnist,tiny_cnn,plain_srsf,label_flip,0.0,0.5,1,0.165,2.2934873657226564,0.0817269467739502,0,0,0.0,0.0,0.0,0.48369999999664515,4235920,408.7968999999987,2027
mnist,tiny_cnn,plain_srsf,label_flip,0.0,0.5,2,0.264,2.27788671875,0.13678440409747292,0,0,0.0,0.0,0.0,0.7662000000010494,4235920,402.68049999999533,2027
mnist,tiny_cnn,plain_srsf,label_flip,0.0,0.5,3,0.308,2.254702880859375,0.17549245405637923,0,0,0.0,0.0,0.0,0.47599999999903275,4235920,398.1655999999987,2027
mnist,tiny_cnn,plain_srsf,label_flip,0.0,0.5,4,0.221,2.2199959716796873,0.11607377400344547,0,0,0.0,0.0,0.0,0.42640000000204736,4235920,393.7216999999933,2027
mnist,tiny_cnn,plain_srsf,label_flip,0.0,0.5,5,0.388,2.16195849609375,0.24124513350720425,0,0,0.0,0.0,0.0,0.573199999998053,4235920,402.51230000000504,2027
mnist,tiny_cnn,plain_srsf,label_flip,0.0,0.5,6,0.485,2.078711669921875,0.3804260749213449,0,0,0.0,0.0,0.0,0.4028999999974303,4235920,390.8522999999988,2027
mnist,tiny_cnn,plain_srsf,label_flip,0.1,0.5,1,0.135,2.2935288696289065,0.06976211723210593,1,0,1.0,0.0,0.0,0.3681999999969321,4235920,401.112899999994,2027
mnist,tiny_cnn,plain_srsf,label_flip,0.1,0.5,2,0.239,2.280566833496094,0.14408008945264572,0,1,0.0,0.1111111111111111,0.0,0.44150000000087175,4235920,399.0424999999931,2027
mnist,tiny_cnn,plain_srsf,label_flip,0.1,0.5,3,0.104,2.269347900390625,0.01884057971014493,0,1,0.0,0.1111111111111111,0.0,0.3531999999992763,4235920,401.4919999999975,2027
mnist,tiny_cnn,plain_srsf,label_flip,0.1,0.5,4,0.105,2.2511396484375,0.02047056415055713,0,1,0.0,0.1111111111111111,0.0,0.5293999999977927,4235920,437.2505999999987,2027
mnist,tiny_cnn,plain_srsf,label_flip,0.1,0.5,5,0.314,2.1994198608398436,0.16423149047156044,0,1,0.0,0.1111111111111111,0.0,0.40690000000154214,4235920,436.74249999999404,2027
mnist,tiny_cnn,plain_srsf,label_flip,0.1,0.5,6,0.311,2.148053253173828,0.172259766575876,0,1,0.0,0.1111111111111111,0.0,0.4823999999956641,4235920,394.76600000000417,2027
mnist,tiny_cnn,plain_srsf,label_flip,0.2,0.5,1,0.134,2.295351318359375,0.04909681948467988,1,1,0.5,0.125,0.0,0.35180000000423206,4235920,415.1027000000056,2027
mnist,tiny_cnn,plain_srsf,label_flip,0.2,0.5,2,0.25,2.2827778930664064,0.12024641806726506,0,2,0.0,0.25,0.0,0.3719999999987067,4235920,401.7673999999971,2027
mnist,tiny_cnn,plain_srsf,label_flip,0.2,0.5,3,0.186,2.2715098266601563,0.09750812567713976,1,1,0.5,0.125,0.0,0.42639999999494194,4235920,400.52080000000956,2027
mnist,tiny_cnn,plain_srsf,label_flip,0.2,0.5,4,0.173,2.2663215942382813,0.09197161835748793,0,2,0.0,0.25,0.0,0.36090000000399414,4235920,395.05189999999857,2027
mnist,tiny_cnn,plain_srsf,label_flip,0.2,0.5,5,0.177,2.2430947265625,0.09466438369722283,0,2,0.0,0.25,0.0,0.33420000001171957,4235920,396.6018999999932,2027
mnist,tiny_cnn,plain_srsf,label_flip,0.2,0.5,6,0.29,2.180688293457031,0.18136734724110562,1,1,0.5,0.125,0.0,0.33640000000900727,4235920,396.2159000000014,2027
mnist,tiny_cnn,plain_srsf,label_flip,0.3,0.5,1,0.096,2.2986572265625,0.017518248175182483,1,2,0.3333333333333333,0.2857142857142857,0.0,0.5737000000038961,4235920,405.2158000000077,2027
mnist,tiny_cnn,plain_srsf,label_flip,0.3,0.5,2,0.13,2.2922479248046876,0.038876570662369936,1,2,0.3333333333333333,0.2857142857142857,0.0,0.503800000004162,4235920,404.24690000000396,2027
mnist,tiny_cnn,plain_srsf,label_flip,0.3,0.5,3,0.144,2.2991236572265623,0.044019806633126005,1,2,0.3333333333333333,0.2857142857142857,0.0,0.34530000000643213,4235920,398.5258000000016,2027
mnist,tiny_cnn,plain_srsf,label_flip,0.3,0.5,4,0.2,2.3147801513671875,0.06440165635900619,0,3,0.0,0.42857142857142855,0.0,0.3150000000005093,4235920,407.0126000000016,2027
mnist,tiny_cnn,plain_srsf,label_flip,0.3,0.5,5,0.184,2.330115478515625,0.07983865315334258,1,2,0.3333333333333333,0.2857142857142857,0.0,0.33980000000610744,4235920,402.63800000001027,2027
mnist,tiny_cnn,plain_srsf,label_flip,0.3,0.5,6,0.286,2.2549378662109376,0.18696725386015647,2,1,0.6666666666666666,0.14285714285714285,0.0,0.34119999999404627,4235920,393.5628000000122,2027
mnist,tiny_cnn,plain_srsf,sign_flip,0.0,0.5,1,0.165,2.2934873657226564,0.0817269467739502,0,0,0.0,0.0,0.0,0.4138999999980797,4235920,455.50319999999545,2027
mnist,tiny_cnn,plain_srsf,sign_flip,0.0,0.5,2,0.264,2.27788671875,0.13678440409747292,0,0,0.0,0.0,0.0,0.49399999998911426,4235920,407.80300000000125,2027
mnist,tiny_cnn,plain_srsf,sign_flip,0.0,0.5,3,0.308,2.254702880859375,0.17549245405637923,0,0,0.0,0.0,0.0,0.4593999999968901,4235920,406.43880000000365,2027
mnist,tiny_cnn,plain_srsf,sign_flip,0.0,0.5,4,0.221,2.2199959716796873,0.11607377400344547,0,0,0.0,0.0,0.0,0.4078999999990174,4235920,395.2924999999965,2027
mnist,tiny_cnn,plain_srsf,sign_flip,0.0,0.5,5,0.388,2.16195849609375,0.24124513350720425,0,0,0.0,0.0,0.0,0.41919999999606716,4235920,397.8165000000047,2027
mnist,tiny_cnn,plain_srsf,sign_flip,0.0,0.5,6,0.485,2.078711669921875,0.3804260749213449,0,0,0.0,0.0,0.0,0.49309999999991305,4235920,401.0345000000086,2027
mnist,tiny_cnn,plain_srsf,sign_flip,0.1,0.5,1,0.135,2.2935288696289065,0.06976211723210593,1,0,1.0,0.0,0.0,0.43439999998895473,4235920,399.4895000000014,2027
mnist,tiny_cnn,plain_srsf,sign_flip,0.1,0.5,2,0.224,2.2801358642578125,0.10738098006814223,1,0,1.0,0.0,0.0,0.4549000000082515,4235920,410.52770000000294,2027
mnist,tiny_cnn,plain_srsf,sign_flip,0.1,0.5,3,0.212,2.262667724609375,0.10009906563098052,1,0,1.0,0.0,0.0,0.4598999999956277,4235920,399.00330000000395,2027
mnist,tiny_cnn,plain_srsf,sign_flip,0.1,0.5,4,0.2,2.238812255859375,0.10468447812655879,1,0,1.0,0.0,0.0,0.3468999999967082,4235920,390.23680000001093,2027
mnist,tiny_cnn,plain_srsf,sign_flip,0.1,0.5,5,0.264,2.183343811035156,0.15191536639048941,1,0,1.0,0.0,0.0,0.41290000000060445,4235920,405.4462000000001,2027
mnist,tiny_cnn,plain_srsf,sign_flip,0.1,0.5,6,0.425,2.0978121337890623,0.3299780662138057,1,0,1.0,0.0,0.0,0.41339999999934207,4235920,393.2657000000006,2027
mnist,tiny_cnn,plain_srsf,sign_flip,0.2,0.5,1,0.137,2.2936986083984374,0.05862230606309617,2,0,1.0,0.0,0.0,0.3181000000012091,4235920,389.55310000000054,2027
mnist,tiny_cnn,plain_srsf,sign_flip,0.2,0.5,2,0.107,2.28090625,0.02135219559079714,2,0,1.0,0.0,0.0,0.3204000000067708,4235920,393.2558000000057,2027
mnist,tiny_cnn,plain_srsf,sign_flip,0.2,0.5,3,0.166,2.2642764892578127,0.09973993088501636,2,0,1.0,0.0,0.0,0.6757000000021662,4235920,401.9981999999942,2027
mnist,tiny_cnn,plain_srsf,sign_flip,0.2,0.5,4,0.149,2.2425115356445313,0.07510780221623595,2,0,1.0,0.0,0.0,0.3421000000116692,4235920,406.43420000000674,2027
mnist,tiny_cnn,plain_srsf,sign_flip,0.2,0.5,5,0.289,2.188068298339844,0.1594589895644058,2,0,1.0,0.0,0.0,0.3911000000016429,4235920,392.27299999998877,2027
mnist,tiny_cnn,plain_srsf,sign_flip,0.2,0.5,6,0.332,2.1042446899414062,0.22634257867280683,2,0,1.0,0.0,0.0,0.3525999999993701,4235920,395.22669999999493,2027
mnist,tiny_cnn,plain_srsf,sign_flip,0.3,0.5,1,0.12,2.29450439453125,0.06119437199972797,3,0,1.0,0.0,0.0,0.2937000000002854,4235920,402.18579999999804,2027
mnist,tiny_cnn,plain_srsf,sign_flip,0.3,0.5,2,0.14,2.2844085693359375,0.06173529508574438,3,0,1.0,0.0,0.0,0.389499999997156,4235920,389.9078999999972,2027
mnist,tiny_cnn,plain_srsf,sign_flip,0.3,0.5,3,0.104,2.2787870483398436,0.01884057971014493,3,0,1.0,0.0,0.0,0.36870000000988057,4235920,402.13900000000535,2027
mnist,tiny_cnn,plain_srsf,sign_flip,0.3,0.5,4,0.104,2.273473388671875,0.01884057971014493,3,0,1.0,0.0,0.0,0.34410000000661967,4235920,397.1216999999996,2027
mnist,tiny_cnn,plain_srsf,sign_flip,0.3,0.5,5,0.125,2.2373455200195314,0.0534056007226739,3,0,1.0,0.0,0.0,0.39370000000360506,4235920,390.6463000000002,2027
mnist,tiny_cnn,plain_srsf,sign_flip,0.3,0.5,6,0.365,2.161548278808594,0.2686913646209178,3,0,1.0,0.0,0.0,0.4751000000027261,4235920,386.21440000000007,2027
mnist,tiny_cnn,plain_srsf,gaussian_noise,0.0,0.5,1,0.165,2.2934873657226564,0.0817269467739502,0,0,0.0,0.0,0.0,0.33489999999858355,4235920,401.00160000000074,2027
mnist,tiny_cnn,plain_srsf,gaussian_noise,0.0,0.5,2,0.264,2.27788671875,0.13678440409747292,0,0,0.0,0.0,0.0,0.41739999998924304,4235920,394.60799999999097,2027
mnist,tiny_cnn,plain_srsf,gaussian_noise,0.0,0.5,3,0.308,2.254702880859375,0.17549245405637923,0,0,0.0,0.0,0.0,0.40829999998948097,4235920,400.88509999999644,2027
mnist,tiny_cnn,plain_srsf,gaussian_noise,0.0,0.5,4,0.221,2.2199959716796873,0.11607377400344547,0,0,0.0,0.0,0.0,0.4464999999953534,4235920,400.33800000000497,2027
mnist,tiny_cnn,plain_srsf,gaussian_noise,0.0,0.5,5,0.388,2.16195849609375,0.24124513350720425,0,0,0.0,0.0,0.0,0.4163999999917678,4235920,387.833999999998,2027
mnist,tiny_cnn,plain_srsf,gaussian_noise,0.0,0.5,6,0.485,2.078711669921875,0.3804260749213449,0,0,0.0,0.0,0.0,0.5986999999976206,4235920,388.7349000000029,2027
mnist,tiny_cnn,plain_srsf,gaussian_noise,0.1,0.5,1,0.135,2.2935288696289065,0.06976211723210593,1,0,1.0,0.0,0.0,0.4548999999940406,4235920,403.4484999999961,2027
mnist,tiny_cnn,plain_srsf,gaussian_noise,0.1,0.5,2,0.224,2.2801358642578125,0.10738098006814223,1,0,1.0,0.0,0.0,0.3985999999969181,4235920,396.91479999999046,2027
mnist,tiny_cnn,plain_srsf,gaussian_noise,0.1,0.5,3,0.212,2.262667724609375,0.10009906563098052,1,0,1.0,0.0,0.0,0.35400000000151977,4235920,402.4117000000018,2027
mnist,tiny_cnn,plain_srsf,gaussian_noise,0.1,0.5,4,0.2,2.238812255859375,0.10468447812655879,1,0,1.0,0.0,0.0,0.3779000000037058,4235920,397.11649999999565,2027
mnist,tiny_cnn,plain_srsf,gaussian_noise,0.1,0.5,5,0.264,2.183343811035156,0.15191536639048941,1,0,1.0,0.0,0.0,0.5633000000102584,4235920,392.28210000000274,2027
mnist,tiny_cnn,plain_srsf,gaussian_noise,0.1,0.5,6,0.425,2.0978121337890623,0.3299780662138057,1,0,1.0,0.0,0.0,0.3613000000086686,4235920,396.60910000000626,2027
mnist,tiny_cnn,plain_srsf,gaussian_noise,0.2,0.5,1,0.137,2.2936986083984374,0.05862230606309617,2,0,1.0,0.0,0.0,0.45719999999960237,4235920,404.56600000000265,2027
mnist,tiny_cnn,plain_srsf,gaussian_noise,0.2,0.5,2,0.107,2.28090625,0.02135219559079714,2,0,1.0,0.0,0.0,0.36860000000160653,4235920,391.82800000000384,2027
mnist,tiny_cnn,plain_srsf,gaussian_noise,0.2,0.5,3,0.166,2.2642764892578127,0.09973993088501636,2,0,1.0,0.0,0.0,0.34449999999708325,4235920,398.02600000000155,2027
mnist,tiny_cnn,plain_srsf,gaussian_noise,0.2,0.5,4,0.149,2.2425115356445313,0.07510780221623595,2,0,1.0,0.0,0.0,0.3413000000023203,4235920,391.7019999999951,2027
mnist,tiny_cnn,plain_srsf,gaussian_noise,0.2,0.5,5,0.289,2.188068298339844,0.1594589895644058,2,0,1.0,0.0,0.0,0.38220000000421805,4235920,390.43679999998915,2027
mnist,tiny_cnn,plain_srsf,gaussian_noise,0.2,0.5,6,0.332,2.1042446899414062,0.22634257867280683,2,0,1.0,0.0,0.0,0.3753000000017437,4235920,402.23100000000045,2027
mnist,tiny_cnn,plain_srsf,gaussian_noise,0.3,0.5,1,0.12,2.29450439453125,0.06119437199972797,3,0,1.0,0.0,0.0,0.3758999999945445,4235920,404.10630000000936,2027
mnist,tiny_cnn,plain_srsf,gaussian_noise,0.3,0.5,2,0.14,2.2844085693359375,0.06173529508574438,3,0,1.0,0.0,0.0,0.46380000000567634,4235920,395.9454999999963,2027
mnist,tiny_cnn,plain_srsf,gaussian_noise,0.3,0.5,3,0.104,2.2787870483398436,0.01884057971014493,3,0,1.0,0.0,0.0,0.5515000000002601,4235920,407.4288999999993,2027
mnist,tiny_cnn,plain_srsf,gaussian_noise,0.3,0.5,4,0.104,2.273473388671875,0.01884057971014493,3,0,1.0,0.0,0.0,0.438000000002603,4235920,408.596199999991,2027
mnist,tiny_cnn,plain_srsf,gaussian_noise,0.3,0.5,5,0.125,2.2373455200195314,0.0534056007226739,3,0,1.0,0.0,0.0,0.44860000001278877,4235920,431.01029999999696,2027
mnist,tiny_cnn,plain_srsf,gaussian_noise,0.3,0.5,6,0.365,2.161548278808594,0.2686913646209178,3,0,1.0,0.0,0.0,0.3985999999969181,4235920,434.4071000000014,2027
mnist,tiny_cnn,pp_srsf,label_flip,0.0,0.5,1,0.165,2.2934873046875,0.0817269467739502,0,0,0.0,0.0,14.114399999996863,4.398199999997132,4239760,401.9104999999996,2027
mnist,tiny_cnn,pp_srsf,label_flip,0.0,0.5,2,0.264,2.277886779785156,0.13678440409747292,0,0,0.0,0.0,11.837299999996276,3.922099999996931,4239760,404.0652999999992,2027
mnist,tiny_cnn,pp_srsf,label_flip,0.0,0.5,3,0.308,2.2547030029296873,0.17549245405637923,0,0,0.0,0.0,13.65749999999366,4.565900000002898,4239760,400.46290000000795,2027
mnist,tiny_cnn,pp_srsf,label_flip,0.0,0.5,4,0.221,2.2199957885742188,0.11607377400344547,0,0,0.0,0.0,13.253500000004692,3.819399999997586,4239760,406.472100000002,2027
mnist,tiny_cnn,pp_srsf,label_flip,0.0,0.5,5,0.388,2.1619579467773438,0.24124513350720425,0,0,0.0,0.0,14.330600000008076,4.181099999996718,4239760,395.957199999998,2027
mnist,tiny_cnn,pp_srsf,label_flip,0.0,0.5,6,0.485,2.0787107543945313,0.3804260749213449,0,0,0.0,0.0,13.746799999992732,3.857400000001121,4239760,405.0516000000073,2027
mnist,tiny_cnn,pp_srsf,label_flip,0.1,0.5,1,0.135,2.2935288696289065,0.06976211723210593,1,0,1.0,0.0,14.01769999999658,4.41790000000708,4239760,403.037800000007,2027
mnist,tiny_cnn,pp_srsf,label_flip,0.1,0.5,2,0.239,2.2805669555664063,0.14408008945264572,0,1,0.0,0.1111111111111111,12.757699999994543,4.272799999995414,4239760,399.7614000000027,2027
mnist,tiny_cnn,pp_srsf,label_flip,0.1,0.5,3,0.104,2.2693479614257814,0.01884057971014493,0,1,0.0,0.1111111111111111,11.571200000005888,3.7386000000054764,4239760,404.9624000000023,2027
mnist,tiny_cnn,pp_srsf,label_flip,0.1,0.5,4,0.105,2.251139831542969,0.02047056415055713,0,1,0.0,0.1111111111111111,14.315599999989104,3.5321999999951004,4239760,408.698699999988,2027
mnist,tiny_cnn,pp_srsf,label_flip,0.1,0.5,5,0.314,2.199419982910156,0.16423149047156044,0,1,0.0,0.1111111111111111,12.081300000005513,3.947599999989393,4239760,405.10000000000446,2027
mnist,tiny_cnn,pp_srsf,label_flip,0.1,0.5,6,0.311,2.148053253173828,0.172259766575876,0,1,0.0,0.1111111111111111,13.239999999996144,3.42510000000118,4239760,428.94760000000076,2027
mnist,tiny_cnn,pp_srsf,label_flip,0.2,0.5,1,0.134,2.295351318359375,0.04909681948467988,1,1,0.5,0.125,13.496599999996306,4.028100000013524,4239760,413.3356999999904,2027
mnist,tiny_cnn,pp_srsf,label_flip,0.2,0.5,2,0.25,2.2827778930664064,0.12024641806726506,0,2,0.0,0.25,12.115199999996662,3.5053000000004886,4239760,419.6043999999972,2027
mnist,tiny_cnn,pp_srsf,label_flip,0.2,0.5,3,0.186,2.2715098266601563,0.09750812567713976,1,1,0.5,0.125,14.40589999999986,3.3209999999996853,4239760,398.79480000000456,2027
mnist,tiny_cnn,pp_srsf,label_flip,0.2,0.5,4,0.173,2.2663215942382813,0.09197161835748793,0,2,0.0,0.25,11.519900000010352,3.070899999997323,4239760,386.1080000000072,2027
mnist,tiny_cnn,pp_srsf,label_flip,0.2,0.5,5,0.177,2.243094787597656,0.09466438369722283,0,2,0.0,0.25,12.18209999998976,2.9609999999991032,4239760,398.95090000000266,2027
mnist,tiny_cnn,pp_srsf,label_flip,0.2,0.5,6,0.29,2.1806883544921876,0.18136734724110562,1,1,0.5,0.125,11.757200000005241,3.6450999999999567,4239760,394.41419999999994,2027
mnist,tiny_cnn,pp_srsf,label_flip,0.3,0.5,1,0.096,2.298657165527344,0.017518248175182483,1,2,0.3333333333333333,0.2857142857142857,13.44780000000867,3.513099999992164,4239760,403.37929999999744,2027
mnist,tiny_cnn,pp_srsf,label_flip,0.3,0.5,2,0.13,2.2922479858398437,0.038876570662369936,1,2,0.3333333333333333,0.2857142857142857,13.071600000003514,3.231300000010151,4239760,407.93990000000235,2027
mnist,tiny_cnn,pp_srsf,label_flip,0.3,0.5,3,0.144,2.299123779296875,0.044019806633126005,1,2,0.3333333333333333,0.2857142857142857,14.199000000004958,3.427500000000805,4239760,405.328499999996,2027
mnist,tiny_cnn,pp_srsf,label_flip,0.3,0.5,4,0.2,2.3147802124023436,0.06440165635900619,0,3,0.0,0.42857142857142855,11.875200000005748,2.748900000000276,4239760,390.1660000000078,2027
mnist,tiny_cnn,pp_srsf,label_flip,0.3,0.5,5,0.184,2.3301158447265626,0.07983865315334258,1,2,0.3333333333333333,0.2857142857142857,12.023700000000304,3.459699999993404,4239760,390.73860000000593,2027
mnist,tiny_cnn,pp_srsf,label_flip,0.3,0.5,6,0.286,2.254937744140625,0.18696725386015647,2,1,0.6666666666666666,0.14285714285714285,14.306799999999953,3.87290000000462,4239760,410.61530000000346,2027
mnist,tiny_cnn,pp_srsf,sign_flip,0.0,0.5,1,0.165,2.2934873046875,0.0817269467739502,0,0,0.0,0.0,14.828300000004901,5.965699999990193,4239760,449.8671999999999,2027
mnist,tiny_cnn,pp_srsf,sign_flip,0.0,0.5,2,0.264,2.277886779785156,0.13678440409747292,0,0,0.0,0.0,12.910599999997885,4.274300000005837,4239760,409.4397000000072,2027
mnist,tiny_cnn,pp_srsf,sign_flip,0.0,0.5,3,0.308,2.2547030029296873,0.17549245405637923,0,0,0.0,0.0,14.105799999995838,5.809100000007561,4239760,403.13770000000204,2027
mnist,tiny_cnn,pp_srsf,sign_flip,0.0,0.5,4,0.221,2.2199957885742188,0.11607377400344547,0,0,0.0,0.0,11.687899999998308,3.860799999998221,4239760,394.8668999999967,2027
mnist,tiny_cnn,pp_srsf,sign_flip,0.0,0.5,5,0.388,2.1619579467773438,0.24124513350720425,0,0,0.0,0.0,11.611999999999512,4.415600000001518,4239760,407.99599999999714,2027
mnist,tiny_cnn,pp_srsf,sign_flip,0.0,0.5,6,0.485,2.0787107543945313,0.3804260749213449,0,0,0.0,0.0,12.815900000006764,4.119699999989734,4239760,399.9232000000035,2027
mnist,tiny_cnn,pp_srsf,sign_flip,0.1,0.5,1,0.135,2.29352880859375,0.06976211723210593,1,0,1.0,0.0,11.44469999999842,3.9628999999905545,4239760,398.01629999999477,2027
mnist,tiny_cnn,pp_srsf,sign_flip,0.1,0.5,2,0.224,2.2801358642578125,0.10738098006814223,1,0,1.0,0.0,12.090099999994663,4.508000000001289,4239760,408.5165000000046,2027
mnist,tiny_cnn,pp_srsf,sign_flip,0.1,0.5,3,0.212,2.262667724609375,0.10009906563098052,1,0,1.0,0.0,14.14030000000821,3.5347000000029993,4239760,409.70579999999757,2027
mnist,tiny_cnn,pp_srsf,sign_flip,0.1,0.5,4,0.2,2.2388123779296873,0.10468447812655879,1,0,1.0,0.0,13.029299999999466,3.799599999993575,4239760,410.9916000000027,2027
mnist,tiny_cnn,pp_srsf,sign_flip,0.1,0.5,5,0.264,2.183350402832031,0.15191536639048941,1,0,1.0,0.0,11.22970000000123,4.595600000001809,4239760,401.27939999999285,2027
mnist,tiny_cnn,pp_srsf,sign_flip,0.1,0.5,6,0.425,2.0978143615722655,0.3299780662138057,1,0,1.0,0.0,12.94550000000072,4.4016999999882955,4239760,399.4730000000004,2027
mnist,tiny_cnn,pp_srsf,sign_flip,0.2,0.5,1,0.137,2.2936986083984374,0.05862230606309617,2,0,1.0,0.0,11.183599999995408,3.1031999999981963,4239760,396.913799999993,2027
mnist,tiny_cnn,pp_srsf,sign_flip,0.2,0.5,2,0.107,2.2809061889648437,0.02135219559079714,2,0,1.0,0.0,14.079600000002301,3.8813999999973703,4239760,408.6533999999915,2027
mnist,tiny_cnn,pp_srsf,sign_flip,0.2,0.5,3,0.166,2.2642764892578127,0.09973993088501636,2,0,1.0,0.0,11.669999999995184,3.1677000000058797,4239760,410.93870000000265,2027
mnist,tiny_cnn,pp_srsf,sign_flip,0.2,0.5,4,0.149,2.2425115356445313,0.07510780221623595,2,0,1.0,0.0,13.500000000007617,3.9203999999983807,4239760,408.1986999999998,2027
mnist,tiny_cnn,pp_srsf,sign_flip,0.2,0.5,5,0.289,2.188068298339844,0.1594589895644058,2,0,1.0,0.0,11.072799999993777,3.2010000000042282,4239760,403.73209999999915,2027
mnist,tiny_cnn,pp_srsf,sign_flip,0.2,0.5,6,0.332,2.1042444763183594,0.22634257867280683,2,0,1.0,0.0,14.395100000001548,4.109299999996097,4239760,396.01989999999887,2027
mnist,tiny_cnn,pp_srsf,sign_flip,0.3,0.5,1,0.12,2.29450439453125,0.06119437199972797,3,0,1.0,0.0,11.185000000011769,3.1058000000001584,4239760,396.9069999999988,2027
mnist,tiny_cnn,pp_srsf,sign_flip,0.3,0.5,2,0.14,2.2844085693359375,0.06173529508574438,3,0,1.0,0.0,12.8291000000047,2.652699999998731,4239760,402.64299999999764,2027
mnist,tiny_cnn,pp_srsf,sign_flip,0.3,0.5,3,0.104,2.2787869873046875,0.01884057971014493,3,0,1.0,0.0,13.915800000006584,2.8239999999897236,4239760,395.6750999999912,2027
mnist,tiny_cnn,pp_srsf,sign_flip,0.3,0.5,4,0.104,2.2734735717773438,0.01884057971014493,3,0,1.0,0.0,12.011899999990305,2.964899999994941,4239760,402.31810000000223,2027
mnist,tiny_cnn,pp_srsf,sign_flip,0.3,0.5,5,0.125,2.2373455810546874,0.0534056007226739,3,0,1.0,0.0,11.63230000000226,2.6681000000081667,4239760,398.3063999999956,2027
mnist,tiny_cnn,pp_srsf,sign_flip,0.3,0.5,6,0.365,2.1615484619140624,0.2686913646209178,3,0,1.0,0.0,13.225800000000731,3.585499999999797,4239760,393.39219999999386,2027
mnist,tiny_cnn,pp_srsf,gaussian_noise,0.0,0.5,1,0.165,2.2934873046875,0.0817269467739502,0,0,0.0,0.0,14.24910000000068,4.899600000001669,4239760,409.69470000000285,2027
mnist,tiny_cnn,pp_srsf,gaussian_noise,0.0,0.5,2,0.264,2.277886779785156,0.13678440409747292,0,0,0.0,0.0,14.150300000011384,4.958500000000754,4239760,398.045599999989,2027
mnist,tiny_cnn,pp_srsf,gaussian_noise,0.0,0.5,3,0.308,2.2547030029296873,0.17549245405637923,0,0,0.0,0.0,11.817199999995864,3.8239999999944985,4239760,402.45400000000586,2027
mnist,tiny_cnn,pp_srsf,gaussian_noise,0.0,0.5,4,0.221,2.2199957885742188,0.11607377400344547,0,0,0.0,0.0,14.07730000001095,4.734300000009739,4239760,397.57120000000157,2027
mnist,tiny_cnn,pp_srsf,gaussian_noise,0.0,0.5,5,0.388,2.1619579467773438,0.24124513350720425,0,0,0.0,0.0,11.237299999990569,4.253000000005613,4239760,401.3430999999912,2027
mnist,tiny_cnn,pp_srsf,gaussian_noise,0.0,0.5,6,0.485,2.0787107543945313,0.3804260749213449,0,0,0.0,0.0,11.823399999997264,4.052799999996637,4239760,389.2013000000105,2027
mnist,tiny_cnn,pp_srsf,gaussian_noise,0.1,0.5,1,0.135,2.29352880859375,0.06976211723210593,1,0,1.0,0.0,11.103200000007973,4.232099999995853,4239760,405.7087999999993,2027
mnist,tiny_cnn,pp_srsf,gaussian_noise,0.1,0.5,2,0.224,2.2801358642578125,0.10738098006814223,1,0,1.0,0.0,12.262800000002017,4.6375999999952455,4239760,404.13570000001187,2027
mnist,tiny_cnn,pp_srsf,gaussian_noise,0.1,0.5,3,0.212,2.262667724609375,0.10009906563098052,1,0,1.0,0.0,12.675799999996684,4.224899999996978,4239760,404.93089999999654,2027
mnist,tiny_cnn,pp_srsf,gaussian_noise,0.1,0.5,4,0.2,2.2388123779296873,0.10468447812655879,1,0,1.0,0.0,11.075200000007612,3.477900000007139,4239760,392.80410000000643,2027
mnist,tiny_cnn,pp_srsf,gaussian_noise,0.1,0.5,5,0.264,2.183350402832031,0.15191536639048941,1,0,1.0,0.0,13.263199999997255,4.53969999999515,4239760,415.17540000000963,2027
mnist,tiny_cnn,pp_srsf,gaussian_noise,0.1,0.5,6,0.425,2.0978143615722655,0.3299780662138057,1,0,1.0,0.0,13.953900000004182,4.4354999999995925,4239760,396.71479999999804,2027
mnist,tiny_cnn,pp_srsf,gaussian_noise,0.2,0.5,1,0.137,2.2936986083984374,0.05862230606309617,2,0,1.0,0.0,12.67339999999706,3.123500000000945,4239760,403.08650000000057,2027
mnist,tiny_cnn,pp_srsf,gaussian_noise,0.2,0.5,2,0.107,2.2809061889648437,0.02135219559079714,2,0,1.0,0.0,13.982400000003281,3.929799999994543,4239760,401.8300000000039,2027
mnist,tiny_cnn,pp_srsf,gaussian_noise,0.2,0.5,3,0.166,2.2642764892578127,0.09973993088501636,2,0,1.0,0.0,13.305799999997703,4.248799999999164,4239760,392.8496999999993,2027
mnist,tiny_cnn,pp_srsf,gaussian_noise,0.2,0.5,4,0.149,2.2425115356445313,0.07510780221623595,2,0,1.0,0.0,12.826900000007413,4.049500000007811,4239760,405.2733000000046,2027
mnist,tiny_cnn,pp_srsf,gaussian_noise,0.2,0.5,5,0.289,2.188068298339844,0.1594589895644058,2,0,1.0,0.0,13.408699999999385,3.1877999999920803,4239760,406.68189999999527,2027
mnist,tiny_cnn,pp_srsf,gaussian_noise,0.2,0.5,6,0.332,2.1042444763183594,0.22634257867280683,2,0,1.0,0.0,14.769899999990344,5.938700000001518,4239760,416.7726000000016,2027
mnist,tiny_cnn,pp_srsf,gaussian_noise,0.3,0.5,1,0.12,2.29450439453125,0.06119437199972797,3,0,1.0,0.0,12.38240000000701,4.069499999999948,4239760,415.15180000000385,2027
mnist,tiny_cnn,pp_srsf,gaussian_noise,0.3,0.5,2,0.14,2.2844085693359375,0.06173529508574438,3,0,1.0,0.0,11.712500000001569,2.6603000000022803,4239760,410.8875000000012,2027
mnist,tiny_cnn,pp_srsf,gaussian_noise,0.3,0.5,3,0.104,2.2787869873046875,0.01884057971014493,3,0,1.0,0.0,13.164900000006696,2.6566000000087797,4239760,408.72389999999825,2027
mnist,tiny_cnn,pp_srsf,gaussian_noise,0.3,0.5,4,0.104,2.2734735717773438,0.01884057971014493,3,0,1.0,0.0,11.778700000007802,2.7124000000071646,4239760,403.79839999999945,2027
mnist,tiny_cnn,pp_srsf,gaussian_noise,0.3,0.5,5,0.125,2.2373455810546874,0.0534056007226739,3,0,1.0,0.0,13.929000000004521,2.8625000000062073,4239760,399.70119999999554,2027
mnist,tiny_cnn,pp_srsf,gaussian_noise,0.3,0.5,6,0.365,2.1615484619140624,0.2686913646209178,3,0,1.0,0.0,12.545099999996978,2.7730000000047994,4239760,392.2744999999992,2027
